Date,Open,High,Low,Close,Volume,Dividends,Stock Splits,momentum_252d,future_return_20d
2020-12-31 00:00:00-05:00,130.16621309475406,130.80695128204687,127.87510078750749,128.81678771972656,99116600,0.0,0.0,0.7823997949492314,0.01092756490447866
2021-01-04 00:00:00-05:00,129.62253643457043,129.70990576661,123.05985971825433,125.63250732421875,143301900,0.0,0.0,0.7554058436262949,0.04311873075837447
2021-01-05 00:00:00-05:00,125.12768641382664,127.89450053196555,124.68110734552344,127.18579864501953,97664900,0.0,0.0,0.7630608828007699,0.022364600167589455
2021-01-06 00:00:00-05:00,123.99184315415357,127.22464193893974,122.69095402050523,122.90453338623047,155088000,0.0,0.0,0.7117642314667401,0.08522911207489958
2021-01-07 00:00:00-05:00,124.61314843344341,127.7877006759222,124.12774352599207,127.09841918945312,109578200,0.0,0.0,0.7421499405794476,0.04616843559570416
2021-01-08 00:00:00-05:00,128.56433221406948,128.75850602101508,126.42855365810287,128.1954345703125,105158200,0.0,0.0,0.7206392449141408,0.038353653717420944
2021-01-11 00:00:00-05:00,125.41891104549275,126.37030043054156,124.74904996348562,125.21503448486328,100384500,0.0,0.0,0.6768459426905635,0.05608022332187934
2021-01-12 00:00:00-05:00,124.7490677981864,125.90433390902683,123.15694021026238,125.04031372070312,91951100,0.0,0.0,0.6394789370270537,0.052735433713882784
2021-01-13 00:00:00-05:00,125.00145310618869,127.61293359997765,124.73934514974653,127.06928253173828,88636800,0.0,0.0,0.6888875841719857,0.0339363172818139
2021-01-14 00:00:00-05:00,126.9819169126251,127.1760758978846,125.00145674818756,125.14708709716797,90221800,0.0,0.0,0.6704986083149149,0.05168155708380007
2021-01-15 00:00:00-05:00,125.02088418474625,126.41885265934873,123.29284393513538,123.42875671386719,111598500,0.0,0.0,0.6271789269264525,0.04915078167003273
2021-01-19 00:00:00-05:00,124.0500664749991,124.95292722948219,123.23458985463955,124.0986099243164,90757300,0.0,0.0,0.618095637618109,0.025076582211827514
2021-01-20 00:00:00-05:00,124.90437114467832,128.62257382285637,124.79758149233558,128.17599487304688,104319500,0.0,0.0,0.6826636194944904,-0.016103537297345705
2021-01-21 00:00:00-05:00,129.89434712123654,135.59299559628155,129.6904705564632,132.87472534179688,120150900,0.0,0.0,0.7381424437688611,-0.04972538142170979
2021-01-22 00:00:00-05:00,132.3019907807772,135.76778972652718,131.0787754658343,135.01055908203125,114459400,0.0,0.0,0.7576167746531219,-0.09262784621971032
2021-01-25 00:00:00-05:00,138.89379933914037,140.85482495156248,132.55439615848402,138.7481689453125,157611700,0.0,0.0,0.811495134931286,-0.11805174309908717
2021-01-26 00:00:00-05:00,139.40828353042602,140.08784738058793,137.24336716103608,138.9811248779297,98390600,0.0,0.0,0.8695104368189985,-0.12309773088557896
2021-01-27 00:00:00-05:00,139.24322781199024,140.08784232197448,136.31139319096383,137.91322326660156,140843800,0.0,0.0,0.8041091410178449,-0.14704488607955424
2021-01-28 00:00:00-05:00,135.4474245519407,137.84532659995853,132.70973305547886,133.08834838867188,142621100,0.0,0.0,0.705295940593198,-0.11415003397126233
2021-01-29 00:00:00-05:00,131.8651231963266,132.7485638456348,126.40917577307293,128.10809326171875,177523800,0.0,0.0,0.6438656460593748,-0.030153559706573296
2021-02-01 00:00:00-05:00,129.84582625364877,131.42825115687322,127.1081351803439,130.2244415283203,106239800,0.0,0.0,0.7485499416288761,-0.06584941230122043
2021-02-02 00:00:00-05:00,131.76801136085197,132.33108282824628,130.68070911395654,131.04962158203125,83305400,0.0,0.0,0.7644756728571638,-0.09443360562093261
2021-02-03 00:00:00-05:00,131.7971241921303,131.80684177003687,129.70988918879502,130.03025817871094,89880900,0.0,0.0,0.6947991851038722,-0.10176540658789257
2021-02-04 00:00:00-05:00,132.32139835278772,133.38928040334213,130.66130683037125,133.37957763671875,84183100,0.0,0.0,0.7243925556010489,-0.11491804752776635
2021-02-05 00:00:00-05:00,133.5399993993488,133.6080499269068,132.09132576396362,132.9663543701172,75693800,0.205,0.0,0.6991751552305734,-0.14916646995444038
2021-02-08 00:00:00-05:00,132.25660382908822,133.1608138714623,131.1773940055882,133.11219787597656,71297200,0.0,0.0,0.7244791928694081,-0.11555043358615968
2021-02-09 00:00:00-05:00,132.83020097423812,134.0552584795755,132.08157120488215,132.23712158203125,76774200,0.0,0.0,0.7050445168660622,-0.11785876820213304
2021-02-10 00:00:00-05:00,132.69412944515517,133.18999187171354,130.6718255115653,131.63436889648438,73046600,0.0,0.0,0.707574634724129,-0.09919506560377611
2021-02-11 00:00:00-05:00,132.13017580944882,132.6065887223786,130.0592713492993,131.3815460205078,64280000,0.0,0.0,0.6647611022794462,-0.10434383739976016
2021-02-12 00:00:00-05:00,130.62318851283254,131.7704486448014,129.98149309892653,131.61488342285156,60145100,0.0,0.0,0.6796788761834824,-0.08406584048971932
2021-02-16 00:00:00-05:00,131.731578673249,132.23714344471992,129.10646349095452,129.49537658691406,80576300,0.0,0.0,0.6522220850769067,-0.057211602419765084
2021-02-17 00:00:00-05:00,127.60920934245159,128.55230335262408,125.8785865854489,127.21057891845703,97918500,0.0,0.0,0.6533443848843101,-0.04646910457128861
2021-02-18 00:00:00-05:00,125.61604564080127,126.393856958418,123.87570598415513,126.11190795898438,96856700,0.0,0.0,0.6156658519790263,-0.07077328500024804
2021-02-19 00:00:00-05:00,126.62722545179416,127.08418911907316,125.22716781889845,126.2674789428711,87668800,0.0,0.0,0.634426678767583,-0.0760760745640019
2021-02-22 00:00:00-05:00,124.45906002205308,126.1216319880877,122.11591609767342,122.50482177734375,103916400,0.0,0.0,0.6224458173520881,-0.020714267564603817
2021-02-23 00:00:00-05:00,120.32696020598745,123.1951256816812,115.10591870921408,122.36870574951172,158273000,0.0,0.0,0.7014636687138758,-0.02637858170568186
2021-02-24 00:00:00-05:00,121.47424078389619,122.07703760379697,118.83941546871539,121.87286376953125,111039900,0.0,0.0,0.7539803547770296,-0.04196256194394432
2021-02-25 00:00:00-05:00,121.22143247515002,122.95205487892161,117.19627482972935,117.6337890625,148199500,0.0,0.0,0.6665349089353034,-0.0033059644727994053
2021-02-26 00:00:00-05:00,119.18940971098537,121.38672049171518,117.83796822554648,117.89630889892578,164560400,0.0,0.0,0.7870716431283995,-0.0004124790775585918
2021-03-01 00:00:00-05:00,120.31724465842385,124.38129410804099,119.38387540817448,124.24517822265625,116307900,0.0,0.0,0.8844098187027836,-0.05008221030018667
2021-03-02 00:00:00-05:00,124.84797657824923,125.14937496490815,121.54228933610958,121.64923858642578,102260900,0.0,0.0,0.6878936613196829,-0.0417199729391553
2021-03-03 00:00:00-05:00,121.34785010485119,122.2228861788261,118.46023476961403,118.67413330078125,112966300,0.0,0.0,0.700624923946759,0.0007371974385361746
2021-03-04 00:00:00-05:00,118.37274110249548,120.171421927277,115.32956775933026,116.79767608642578,178155000,0.0,0.0,0.5995407077747732,0.02389047420439283
2021-03-05 00:00:00-05:00,117.62406745905575,118.55743656088569,114.30865590625393,118.0518569946289,153766600,0.0,0.0,0.6709159227615842,0.03689673555590267
2021-03-08 00:00:00-05:00,117.57546286579684,117.6435208042625,112.98639210708664,113.13223266601562,154376600,0.0,0.0,0.6228348019882273,0.08465109140067595
2021-03-09 00:00:00-05:00,115.72817134912674,118.67411961018901,115.4948308955723,117.73102569580078,129525800,0.0,0.0,0.8338445818707132,0.05623928755956831
2021-03-10 00:00:00-05:00,118.31438187621302,118.7810627593394,116.13651302909358,116.65181732177734,111943300,0.0,0.0,0.6949609737836102,0.0865144818564183
2021-03-11 00:00:00-05:00,119.14080190524842,119.79221465640565,117.89630965893046,118.57688903808594,103026500,0.0,0.0,0.7849234183464757,0.09052142855764123
2021-03-12 00:00:00-05:00,117.06016987865702,117.80880722667213,115.8545688924242,117.67269134521484,88105100,0.0,0.0,0.9654058337029823,0.08435925606189731
2021-03-15 00:00:00-04:00,118.0421413761026,120.56029230814386,117.07959821769512,120.55056762695312,92403800,0.0,0.0,0.79805112555118,0.08420039891640951
2021-03-16 00:00:00-04:00,122.21312976850402,123.69096973595795,121.26031872689654,122.08673858642578,115227900,0.0,0.0,1.0898120871788866,0.051445139913360416
2021-03-17 00:00:00-04:00,120.60891318675553,122.36870224795845,118.9463412703685,121.2992172241211,111932600,0.0,0.0,0.988880783411519,0.07806958845220469
2021-03-18 00:00:00-04:00,119.47136458953443,119.76304569936237,116.98238014530207,117.18655395507812,121229700,0.0,0.0,0.9696649907494885,0.1130838556248761
2021-03-19 00:00:00-04:00,116.57404490821733,118.06160240727854,116.3601463939911,116.66154479980469,185549500,0.0,0.0,0.9759803894013395,0.12376001091356503
2021-03-22 00:00:00-04:00,116.99210932461362,120.4339124312078,116.92405138540522,119.96722412109375,111912300,0.0,0.0,1.1697167349402786,0.07877492377424455
2021-03-23 00:00:00-04:00,119.90887946918929,120.79363259482143,118.75188719483505,119.14079284667969,95467100,0.0,0.0,1.2015397081229948,0.08944019161858252
2021-03-24 00:00:00-04:00,119.41304074611715,119.49082337056949,116.73932422708299,116.7587661743164,88530500,0.0,0.0,0.9608050524429785,0.09867591752508598
2021-03-25 00:00:00-04:00,116.22402681020739,118.28522184257633,115.69900522410137,117.2448959350586,98844700,0.0,0.0,0.9798754513010954,0.11385706076379387
2021-03-26 00:00:00-04:00,117.01153462244342,118.11019359332141,115.62120198978319,117.8476791381836,94071200,0.0,0.0,0.8905671457505437,0.11145978342969043
2021-03-29 00:00:00-04:00,118.275494892758,119.17969748186921,117.381016985914,118.022705078125,80819200,0.0,0.0,0.975151188173152,0.1070927307667644
2021-03-30 00:00:00-04:00,116.7782094597697,117.06016589541106,115.56288383257017,116.57403564453125,85671900,0.0,0.0,0.8967765978193687,0.11409532401126943
2021-03-31 00:00:00-04:00,118.27548932601961,120.09361168317854,117.78935908416811,118.7616195678711,118323800,0.0,0.0,0.9363222433107712,0.09275466017247624
2021-04-01 00:00:00-04:00,120.22972337194014,120.73529551085936,119.0921730782952,119.58802795410156,75089100,0.0,0.0,1.0580870421981161,0.06878083722741479
2021-04-05 00:00:00-04:00,120.43389773016308,122.66037492357067,119.65608644750468,122.40758514404297,88651200,0.0,0.0,1.0720354948377033,0.05274046888076178
2021-04-06 00:00:00-04:00,122.99095607539735,123.60347753407522,122.16453611496429,122.70899963378906,80171300,0.0,0.0,1.1074242033142339,0.0129943245695614
2021-04-07 00:00:00-04:00,122.33955551914583,124.37157665316347,121.66869331807787,124.35213470458984,83466700,0.0,0.0,0.9642838161746301,0.0015637689555909606
2021-04-08 00:00:00-04:00,125.37299788690146,126.77305548532095,124.9549329616751,126.74388885498047,88844600,0.0,0.0,1.0255255917982953,-0.004756035713909479
2021-04-09 00:00:00-04:00,126.19940798905769,129.34952231767917,125.87856026382458,129.31063842773438,106686700,0.0,0.0,1.0149730209573073,-0.019314114268897398
2021-04-12 00:00:00-04:00,128.84396428623276,129.16481202818863,127.0063925535893,127.59947204589844,91420000,0.0,0.0,0.97406303015109,-0.03180848848991058
2021-04-13 00:00:00-04:00,128.76618458654,130.9246041100814,128.27032223067465,130.7009735107422,91266500,0.0,0.0,0.9831221069259672,-0.06178771201474176
2021-04-14 00:00:00-04:00,131.19678856502676,131.25512180103408,128.00777642218338,128.3675079345703,87222800,0.0,0.0,0.8540795205003047,-0.06855569316507804
2021-04-15 00:00:00-04:00,130.107867375951,131.25512729346974,129.93285282509277,130.7689971923828,89347100,0.0,0.0,0.9061639717783505,-0.06927662376895793
2021-04-16 00:00:00-04:00,130.57457716887737,130.9343087763494,129.5828673880838,130.43846130371094,84922400,0.0,0.0,0.8863569260671367,-0.04840131182213314
2021-04-19 00:00:00-04:00,129.80647084298718,131.71210761044756,129.64118836775324,131.09957885742188,94264200,0.0,0.0,0.9219974878165815,-0.06196607160689882
2021-04-20 00:00:00-04:00,131.2746547075029,131.77050236465828,128.15369107517074,129.41763305664062,94812300,0.0,0.0,0.9375555976908825,-0.060461080415595614
2021-04-21 00:00:00-04:00,128.6883918850069,130.03983329744375,127.65779819666872,129.79676818847656,68847100,0.0,0.0,1.005214373330508,-0.06440597806747206
2021-04-22 00:00:00-04:00,129.34952213608938,130.42873181562496,127.7647477103965,128.28004455566406,84566500,0.0,0.0,0.9262985189979123,-0.03345263526261155
2021-04-23 00:00:00-04:00,128.4939686507075,131.37185181275385,128.4939686507075,130.59405517578125,78657500,0.0,0.0,0.9686750485405404,-0.06459931820720466
2021-04-26 00:00:00-04:00,131.08990519751984,131.31352099303626,129.85513001828372,130.9829559326172,66905100,0.0,0.0,0.9191339404335328,-0.054959291592513115
2021-04-27 00:00:00-04:00,131.26487557787047,131.6537886519638,130.38984712331498,130.66207885742188,66015800,0.0,0.0,0.9130799038887951,-0.05412918497688324
2021-04-28 00:00:00-04:00,130.58433418027712,131.27464581514576,129.38845765548453,129.8745880126953,107760100,0.0,0.0,0.9328808231523462,-0.04876906561634953
2021-04-29 00:00:00-04:00,132.68437715116124,133.26773932174638,128.77588621347985,129.77731323242188,151101000,0.0,0.0,0.8700124710211463,-0.05983801927458465
2021-04-30 00:00:00-04:00,128.124508335276,129.85513111982132,127.43421157592877,127.81339263916016,109839500,0.0,0.0,0.8036631483976686,-0.0504971211604156
2021-05-03 00:00:00-04:00,128.37728825955,130.35099100560777,128.17312183322954,128.86341857910156,75135100,0.0,0.0,0.8482358395706675,-0.060728097036977124
2021-05-04 00:00:00-04:00,127.55087456774729,127.8425557241814,123.18541899331925,124.30352020263672,137564700,0.0,0.0,0.7579620054221246,-0.020161101488880506
2021-05-05 00:00:00-04:00,125.61607050473611,126.83139629296987,124.42019408305968,124.54659271240234,84000900,0.0,0.0,0.735354235236664,-0.03395929975740253
2021-05-06 00:00:00-04:00,124.34240242288911,126.15080765787947,123.60348232032891,126.1410903930664,78128300,0.0,0.0,0.7396226474651493,-0.028026683900296168
2021-05-07 00:00:00-04:00,127.4364212136001,127.83571393366987,126.10215135348382,126.81311798095703,78973300,0.22,0.0,0.7309841564012931,-0.033100747103972705
2021-05-10 00:00:00-04:00,126.03394527871879,126.16054372317713,123.50176833952001,123.54072570800781,88071200,0.0,0.0,0.6471119927681699,-0.0008672410396517449
2021-05-11 00:00:00-04:00,120.27812799107281,122.97586087179818,119.5671689854115,122.62525939941406,126142800,0.0,0.0,0.6095793614773801,0.009689326112327645
2021-05-12 00:00:00-04:00,120.18075382257017,121.38840273799539,119.06075342898632,119.56718444824219,112172300,0.0,0.0,0.5875823844202084,0.027205235354210267
2021-05-13 00:00:00-04:00,121.32993755400423,122.85897882975532,121.01828606564597,121.70976257324219,105861300,0.0,0.0,0.6357813815065223,0.01904481373797684
2021-05-14 00:00:00-04:00,122.95637735686638,124.55359227820217,122.56681111085221,124.12506866455078,81918000,0.0,0.0,0.6580568108417593,0.023774194387092162
2021-05-17 00:00:00-04:00,123.51150748616402,123.61863839013512,121.90455135695586,122.9758529663086,74244600,0.0,0.0,0.6524752080396372,0.02668889179648648
2021-05-18 00:00:00-04:00,123.25829164809352,123.67707407576847,121.5247295992301,121.59290313720703,63342900,0.0,0.0,0.5962817053086344,0.042451148789719895
2021-05-19 00:00:00-04:00,119.94699632595916,121.66107596519278,119.65481977612977,121.43708038330078,92612000,0.0,0.0,0.6035021968693981,0.05694106571960389
2021-05-20 00:00:00-04:00,121.96300762442338,124.38804651528841,121.83639430422342,123.98873901367188,76857100,0.0,0.0,0.6059621428004627,0.024742835286348575
2021-05-21 00:00:00-04:00,124.48541706436308,124.66072150118845,121.94350644557427,122.15776824951172,79295400,0.0,0.0,0.5941313251038804,0.05477194682334785
2021-05-24 00:00:00-04:00,122.7226648496732,124.60231548530916,122.65449130041634,123.78422546386719,63092900,0.0,0.0,0.6050224994935043,0.0541301178466389
2021-05-25 00:00:00-04:00,124.48544437052729,124.97240785106588,123.02457621999051,123.58944702148438,72009500,0.0,0.0,0.6134257896681132,0.053585269714717665
2021-05-26 00:00:00-04:00,123.64785661375969,124.06663903705564,123.12194328471185,123.54072570800781,56575900,0.0,0.0,0.6057931692408081,0.051714812758565154
2021-05-27 00:00:00-04:00,123.1414373640431,124.3101288080937,121.81691643126096,122.0116958618164,94625600,0.0,0.0,0.5852213551411272,0.06250032437451059
2021-05-28 00:00:00-04:00,122.29413896553177,122.5181420121491,121.30075191834936,121.35918426513672,71311100,0.0,0.0,0.5782804444842209,0.08161451294607436
2021-06-01 00:00:00-04:00,121.81692100329542,122.07987398745031,120.7066618606694,121.03778839111328,67637100,0.0,0.0,0.5549777343853759,0.09695868144710262
2021-06-02 00:00:00-04:00,121.03777419532105,121.97272876206887,120.81377861108228,121.79742431640625,59278900,0.0,0.0,0.5575266204495277,0.09515459309285901
2021-06-03 00:00:00-04:00,121.4273366140028,121.59289985456873,119.91777018909227,120.31707763671875,76229200,0.0,0.0,0.530172691916104,0.11113822272387153
2021-06-04 00:00:00-04:00,120.83325448650514,122.86873431142617,120.61899267015994,122.60577392578125,75169300,0.0,0.0,0.572825026638379,0.11176424613433178
2021-06-07 00:00:00-04:00,122.878461975424,123.02455024570587,121.57342360305104,122.61550903320312,71057600,0.0,0.0,0.5293914336356755,0.12803852294688856
2021-06-08 00:00:00-04:00,123.29723905566723,125.1087231263275,122.91741402757391,123.43358612060547,74403800,0.0,0.0,0.530546144697353,0.14068193543765317
2021-06-09 00:00:00-04:00,123.89133026159469,124.41724357225148,123.2193286818069,123.81341552734375,56877900,0.0,0.0,0.48825943455489695,0.1267206179361804
2021-06-10 00:00:00-04:00,123.70629386140669,124.84577650141729,122.65447459192099,122.82003784179688,71186400,0.0,0.0,0.439289940659112,0.15066204637666614
2021-06-11 00:00:00-04:00,123.22909472039107,124.11535828283353,122.8103122273261,124.02770233154297,53522400,0.0,0.0,0.5267416662737872,0.13466792080661105
2021-06-14 00:00:00-04:00,124.48543994424124,127.1344745215217,123.75500589494463,127.07604217529297,96906500,0.0,0.0,0.5508760491807674,0.11618612532061046
2021-06-15 00:00:00-04:00,126.5501187512876,127.19290419262148,126.01446421684268,126.25794219970703,62746300,0.0,0.0,0.5220681697194092,0.15049361947795736
2021-06-16 00:00:00-04:00,126.96892342391395,127.47536190763753,125.10876249421726,126.7546615600586,91815000,0.0,0.0,0.488604603675066,0.14083729570752634
2021-06-17 00:00:00-04:00,126.41376207268152,129.09201968074376,126.26766637763058,128.35183715820312,96721700,0.0,0.0,0.5094624641338141,0.11078245379690532
2021-06-18 00:00:00-04:00,127.3000499717587,128.07916771937423,126.84231012163941,127.05657196044922,108953300,0.0,0.0,0.4936350662494111,0.09190509968469796
2021-06-21 00:00:00-04:00,126.90076263607253,128.95571797256497,125.83920190461266,128.8485870361328,79663300,0.0,0.0,0.5234073422198842,0.10468579635705888
2021-06-22 00:00:00-04:00,128.68295251941402,130.5820772861633,128.18624806146317,130.48468017578125,74783600,0.0,0.0,0.5034159137744056,0.08523694945555405
2021-06-23 00:00:00-04:00,130.28020184164183,130.81585637036997,129.75428108226635,130.21202087402344,60214200,0.0,0.0,0.46892093742617047,0.09798074077980212
2021-06-24 00:00:00-04:00,130.94247320751583,131.12751887622477,129.46212271856308,129.9296112060547,68711000,0.0,0.0,0.4920725399132835,0.11355964668275664
2021-06-25 00:00:00-04:00,129.97834167885713,130.39711683336412,129.3452897694589,129.63746643066406,70783700,0.0,0.0,0.46921324593831226,0.11929960271523243
2021-06-28 00:00:00-04:00,129.9296003283306,131.72159479819973,129.87116798746578,131.26385498046875,62111300,0.0,0.0,0.5348037045425775,0.08895963828223108
2021-06-29 00:00:00-04:00,131.28336827323525,132.92928227824171,130.84511075290547,132.77345275878906,64556100,0.0,0.0,0.5174819412495162,0.0634490310283089
2021-06-30 00:00:00-04:00,132.6176097807272,133.8252661428457,132.32543317658508,133.3870086669922,63261400,0.0,0.0,0.5118737502157558,0.06337578564964441
2021-07-01 00:00:00-04:00,133.03638455477136,133.74733615062,132.218287184251,133.68890380859375,52485800,0.0,0.0,0.518166888679511,0.06257718483591046
2021-07-02 00:00:00-04:00,134.30244482687868,136.3476657575281,134.15636398642496,136.3087158203125,78852600,0.0,0.0,0.5479173895621474,0.03972561458875323
2021-07-06 00:00:00-04:00,136.4158918425872,139.4155284039409,136.4158918425872,138.3150177001953,108181800,0.0,0.0,0.5297790147043102,0.03760006080789102
2021-07-07 00:00:00-04:00,139.7953189039971,141.11010601971827,138.93828646790567,140.7984619140625,104911600,0.0,0.0,0.5620933145512661,0.01646244086070925
2021-07-08 00:00:00-04:00,137.88643093809648,140.30172797997776,137.00016765595169,139.5031280517578,105575500,0.0,0.0,0.5124958444516741,0.026668811964197348
2021-07-09 00:00:00-04:00,139.02592340594762,141.8502619651795,138.92852627188464,141.32435607910156,99890800,0.0,0.0,0.5256809330509351,0.008606827611769674
2021-07-12 00:00:00-04:00,142.39565084398657,142.50278173643568,140.24329922685985,140.73025512695312,76299700,0.0,0.0,0.516614204795665,0.012517974285305877
2021-07-13 00:00:00-04:00,140.2725165312551,143.61304176059716,139.8829577523025,141.84051513671875,100827100,0.0,0.0,0.5356636482844783,0.0012234741804240112
2021-07-14 00:00:00-04:00,144.23636128185524,145.66801299296932,143.8273051980656,145.2589569091797,127050800,0.0,0.0,0.5470721318980307,-0.020593000340032086
2021-07-15 00:00:00-04:00,145.3466279214185,146.08679566961968,143.25270826705687,144.6064453125,106820300,0.0,0.0,0.52960354931407,0.004263723434429378
2021-07-16 00:00:00-04:00,144.58697348148013,145.85304711779946,142.0742788872529,142.5709686279297,93251400,0.0,0.0,0.526860090091555,0.020038355949158815
2021-07-19 00:00:00-04:00,139.99980705584846,140.31146593339338,137.97406893394609,138.7337188720703,121434600,0.0,0.0,0.4887731488588445,0.0624532215111373
2021-07-20 00:00:00-04:00,139.71739371398104,143.26243208036362,139.2304378127707,142.3372039794922,96350000,0.0,0.0,0.4959176308138591,0.029182766127395787
2021-07-21 00:00:00-04:00,141.7334095777614,142.31776271135624,140.85689473808662,141.60679626464844,74993500,0.0,0.0,0.5090691623276433,0.008110476089084218
2021-07-22 00:00:00-04:00,142.13272618480354,144.33376205602218,142.00611286355945,142.9702911376953,77338200,0.0,0.0,0.5193315571018531,0.0008158211238544766
2021-07-23 00:00:00-04:00,143.700726126391,144.8402014430063,143.0871567787064,144.6843719482422,71447400,0.0,0.0,0.6108679330162066,-0.0009960941928605083
2021-07-26 00:00:00-04:00,144.40194679352788,145.92124724515625,143.84680978043045,145.10316467285156,72434100,0.0,0.0,0.6195422831751369,0.006337990474979627
2021-07-27 00:00:00-04:00,145.22972386851797,145.31738722526956,141.75286644595897,142.9410400390625,104818600,0.0,0.0,0.5584744166732658,0.020945722061909144
2021-07-28 00:00:00-04:00,141.03223637655762,143.13589049011824,138.8214513166382,141.1977996826172,118931200,0.0,0.0,0.5651798634162843,0.024846601932514645
2021-07-29 00:00:00-04:00,140.91530189117023,142.72677844865797,140.80817099785102,141.84051513671875,56699500,0.0,0.0,0.5427323958434986,0.014563678103545197
2021-07-30 00:00:00-04:00,140.61339371614585,142.51251879825827,140.35043336301797,142.05477905273438,70440600,0.0,0.0,0.5265908331763238,0.020311606107263236
2021-08-02 00:00:00-04:00,142.5417457565108,143.11635020883497,141.4607029570404,141.72366333007812,62880000,0.0,0.0,0.37869876722417506,0.053802959990749466
2021-08-03 00:00:00-04:00,142.00610422671278,144.17792379335657,141.3925349204239,143.5156707763672,64786600,0.0,0.0,0.36181681697225976,0.03187760533980155
2021-08-04 00:00:00-04:00,143.4280072023747,143.93443068193204,142.46382908813206,143.11634826660156,56368300,0.0,0.0,0.3490186890247169,0.03939100610463098
2021-08-05 00:00:00-04:00,143.14559599106772,143.98316098970645,142.35672956946877,143.2235107421875,46397700,0.0,0.0,0.3451529945047662,0.046376653793999356
2021-08-06 00:00:00-04:00,142.74554489782116,143.4868214640887,142.04327662115523,142.54071044921875,54126800,0.22,0.0,0.2936073360030682,0.05583710537054465
2021-08-09 00:00:00-04:00,142.59920422228612,143.0868896094232,141.9359592396086,142.49191284179688,48908700,0.0,0.0,0.3232497302197841,0.0725584284161549
2021-08-10 00:00:00-04:00,142.83336158468475,144.0720871817776,141.7214390067462,142.01405334472656,69023100,0.0,0.0,0.2999177759878229,0.0653160894562208
2021-08-11 00:00:00-04:00,142.45296206335397,143.10645895995768,141.94576488875748,142.26763916015625,48493500,0.0,0.0,0.34215468780567226,0.05628684983094612
2021-08-12 00:00:00-04:00,142.58950812317931,145.37907015513477,142.24812227389452,145.22300720214844,72282600,0.0,0.0,0.3259681093394078,0.00053744036539638
2021-08-13 00:00:00-04:00,145.30105342277125,145.75947909182239,144.61829653790267,145.4278564453125,59375000,0.0,0.0,0.30474745088010735,0.0030180174508642743
2021-08-16 00:00:00-04:00,144.88162714158625,147.46636967362969,142.86261655746753,147.39808654785156,103296000,0.0,0.0,0.32360353995687685,-0.01985169382521379
2021-08-17 00:00:00-04:00,146.53000561245062,147.94429082183916,145.4180830822368,146.49099731445312,92229700,0.0,0.0,0.3189015393151926,-0.007723713323793513
2021-08-18 00:00:00-04:00,146.1105732952071,147.00791279558547,142.55046034897777,142.7552947998047,86326000,0.0,0.0,0.2746465181669886,0.01660308450191006
2021-08-19 00:00:00-04:00,141.45806146213795,144.35491465635323,140.9411159989395,143.08692932128906,86960300,0.0,0.0,0.2760068510215776,-0.004362642091124913
2021-08-20 00:00:00-04:00,143.80872432514332,144.84261535990314,143.16497579607238,144.54025268554688,60549600,0.0,0.0,0.2609862675939858,-0.03542726962741971
2021-08-23 00:00:00-04:00,144.65729855503196,146.4910011515847,144.24764444190524,146.0228271484375,60131800,0.0,0.0,0.21148921582081348,-0.041948004504192005
2021-08-24 00:00:00-04:00,145.76923200651873,147.14450905669656,145.47661765156835,145.93504333496094,48606400,0.0,0.0,0.1964508290745839,-0.02519720045976581
2021-08-25 00:00:00-04:00,146.120370599229,146.61781948232644,144.15987966385998,144.70608520507812,58991300,0.0,0.0,0.19618860219631218,-0.010312799402918182
2021-08-26 00:00:00-04:00,144.6962977745989,145.44732274946605,143.8769748010463,143.90623474121094,48597200,0.0,0.0,0.17361671747941876,-0.004202082082366498
2021-08-27 00:00:00-04:00,143.847714105832,145.08643947056316,143.21372889495123,144.9401397705078,55802400,0.0,0.0,0.19635044232473287,-0.02173622617685167
2021-08-30 00:00:00-04:00,145.33029180641267,149.70971334019745,144.9498976782118,149.34881591796875,90956700,0.0,0.0,0.23474022164893182,-0.07321048284565446
2021-08-31 00:00:00-04:00,148.90016654739884,149.03671791602926,147.5638979226051,148.09060668945312,86453100,0.0,0.0,0.18417988791779183,-0.059276891534966736
2021-09-01 00:00:00-04:00,149.06597111930256,151.1630130890743,148.58803390921838,148.75384521484375,80313700,0.0,0.0,0.14391796513353894,-0.07219164502624542
2021-09-02 00:00:00-04:00,150.0803207109557,150.90939195726816,148.6465242486851,149.86573791503906,71115500,0.0,0.0,0.17685075747118506,-0.07159128129925052
2021-09-03 00:00:00-04:00,149.97306236375573,150.82164538297303,149.3195654805312,150.49977111816406,57808700,0.0,0.0,0.28468256992964647,-0.09825022485203261
2021-09-07 00:00:00-04:00,151.15326259436534,153.38685589495006,150.58754556278473,152.83090209960938,82278300,0.0,0.0,0.30371863888217265,-0.09943204452588805
2021-09-08 00:00:00-04:00,153.11379568242873,153.17231558418686,150.18768153063237,151.28985595703125,74420200,0.0,0.0,0.3836880136837426,-0.08452090241264387
2021-09-09 00:00:00-04:00,151.66046161317462,152.26518694823613,150.15838174591684,150.2754364013672,57305700,0.0,0.0,0.3216925129507655,-0.06996816047518539
2021-09-10 00:00:00-04:00,151.18254333907822,151.65071737057013,145.03770150418336,145.30105590820312,140893200,0.0,0.0,0.3210695996114945,-0.04074665658522758
2021-09-13 00:00:00-04:00,146.92016289482572,147.6906995642944,145.08646034770857,145.86676025390625,102404300,0.0,0.0,0.3438565162116738,-0.04506866659888087
2021-09-14 00:00:00-04:00,146.6470734676716,147.34934195867896,143.29179398463287,144.47198486328125,109296300,0.0,0.0,0.2922388753728806,-0.044625984726000434
2021-09-15 00:00:00-04:00,144.9011172737186,145.7594485393446,142.76505234502355,145.3595428466797,83281300,0.0,0.0,0.2981523953750027,-0.054485679251813135
2021-09-16 00:00:00-04:00,144.78410203525485,145.30104757606733,143.59414799108714,145.12547302246094,68034100,0.0,0.0,0.33547638958091897,-0.03380600640756648
2021-09-17 00:00:00-04:00,145.15472586644688,145.15472586644688,142.17007797103764,142.4626922607422,129868800,0.0,0.0,0.3322406405929621,-0.008352759913178853
2021-09-20 00:00:00-04:00,140.25840615619828,141.27278583373996,137.79071777768286,139.41958618164062,123478900,0.0,0.0,0.3464939071790347,0.02525500158585925
2021-09-21 00:00:00-04:00,140.38514645685206,141.03865814980705,139.2634757155347,139.8974609375,75834000,0.0,0.0,0.31134185294375105,0.03716111566786506
2021-09-22 00:00:00-04:00,140.89236024826914,142.82359096635926,140.16083188261564,142.2578887939453,76404300,0.0,0.0,0.3128352667925942,0.023380102548392845
2021-09-23 00:00:00-04:00,143.03818581433492,143.45760318499043,142.05306622379317,143.21376037597656,64838200,0.0,0.0,0.3795220647082107,0.018047964037040787
2021-09-24 00:00:00-04:00,142.07256662788618,143.83798604484667,141.97502355876833,143.30152893066406,53477900,0.0,0.0,0.36633654003252825,0.012047500007719814
2021-09-27 00:00:00-04:00,141.88723117083788,142.3651683544505,140.2778748536838,141.78968811035156,74150700,0.0,0.0,0.30303711042259573,0.022494468286690994
2021-09-28 00:00:00-04:00,139.7219107001194,141.18496735666514,138.2003341585889,138.4149169921875,108972300,0.0,0.0,0.24236912092670249,0.05221625459147461
2021-09-29 00:00:00-04:00,138.96112166840754,140.89235227723765,138.53195600356045,139.312255859375,74602000,0.0,0.0,0.25995832876775093,0.042148011909789895
2021-09-30 00:00:00-04:00,140.1218663325349,140.82413496844498,137.80047751477733,138.0150604248047,89056700,0.0,0.0,0.22968778826261582,0.07823267224657271
2021-10-01 00:00:00-04:00,138.40512951469634,139.40001203413104,135.68385115865894,139.13665771484375,94639600,0.0,0.0,0.2292787896137789,0.05012293742583718
2021-10-04 00:00:00-04:00,138.26860229461653,138.7075311976416,134.86456666800945,135.713134765625,98322000,0.0,0.0,0.23902781248894245,0.07057648129725602
2021-10-05 00:00:00-04:00,136.0545166576062,138.73678711480215,135.9277136552574,137.63461303710938,80861100,0.0,0.0,0.219035064471526,0.06314241805618659
2021-10-06 00:00:00-04:00,136.035013031244,138.64900052233625,134.96209883237336,138.50270080566406,83221100,0.0,0.0,0.26293151936208625,0.06683087080376326
2021-10-07 00:00:00-04:00,139.53660933038944,140.66804355787346,139.2049866756737,139.7609405517578,61732700,0.0,0.0,0.2531422023840062,0.05352779060313417
2021-10-08 00:00:00-04:00,140.48269778280476,140.62899749402928,139.04890108087716,139.38052368164062,58773200,0.0,0.0,0.25092722856336436,0.060187694004735004
2021-10-11 00:00:00-04:00,138.76604603984862,141.24348200456123,138.31736879996546,139.29273986816406,64452200,0.0,0.0,0.2287640459117639,0.05496517627010844
2021-10-12 00:00:00-04:00,139.70242001460875,139.72193160685052,137.56635459515326,138.0247802734375,73035900,0.0,0.0,0.14485651026655177,0.06727497769079127
2021-10-13 00:00:00-04:00,137.7614036307742,137.91745167770748,135.7716384818284,137.4395294189453,78762700,0.0,0.0,0.17106773032061207,0.05128009843640169
2021-10-14 00:00:00-04:00,138.61000380183043,140.33641501765865,138.02477512030043,140.2193603515625,69907100,0.0,0.0,0.19386625548633618,0.030090595528595054
2021-10-15 00:00:00-04:00,140.22909633879294,141.33125547588753,139.97549034735292,141.27273559570312,67940300,0.0,0.0,0.20761795371140224,0.03706797574107967
2021-10-18 00:00:00-04:00,139.91697189226727,143.22347910319027,139.63412084083484,142.9406280517578,85589200,0.0,0.0,0.23922513877320273,0.025035768967961003
2021-10-19 00:00:00-04:00,143.38930715549284,145.49611240776287,142.94064476173952,145.09620666503906,76378900,0.0,0.0,0.29088475398386016,0.01653902476857505
2021-10-20 00:00:00-04:00,145.03768735830047,146.0618300447265,144.47197030405582,145.58389282226562,58418800,0.0,0.0,0.27835937788384113,0.029840731345796012
2021-10-21 00:00:00-04:00,145.14498028007083,145.95454013073487,144.2281290062348,145.79847717285156,61421000,0.0,0.0,0.2872543544304327,0.057669092016168655
2021-10-22 00:00:00-04:00,146.00332535531382,146.48124774454206,144.97918256227808,145.0279541015625,58883400,0.0,0.0,0.2928411717705808,0.08133881533816645
2021-10-25 00:00:00-04:00,145.0181800516583,145.69118854784608,143.98428898104416,144.9791717529297,50720600,0.0,0.0,0.30038273017751727,0.08486947388030441
2021-10-26 00:00:00-04:00,145.6521738906202,147.12497895180522,145.34004798248478,145.64242553710938,60893400,0.0,0.0,0.30621822790710307,0.08254444137355321
2021-10-27 00:00:00-04:00,145.68142436893194,146.04230690415662,144.83285629616836,145.18399047851562,56094900,0.0,0.0,0.28479733317651634,0.0895286258912189
2021-10-28 00:00:00-04:00,146.13007740006395,149.39756103040457,146.03253435552523,148.81234741210938,100077900,0.0,0.0,0.38085695664726105,0.02929085535027398
2021-10-29 00:00:00-04:00,143.59413644564216,146.2471470636249,142.804088225394,146.110595703125,124953200,0.0,0.0,0.3073490173280504,0.0712540039667886
2021-11-01 00:00:00-04:00,145.3205502265068,146.01305539533712,144.15985619885288,145.29129028320312,74588300,0.0,0.0,0.3771641466484903,0.11131329022528269
2021-11-02 00:00:00-04:00,144.99868985144568,147.8370236875447,144.98892661408803,146.3251953125,69122000,0.0,0.0,0.38811184256047104,0.09992295794763639
2021-11-03 00:00:00-04:00,146.686042864982,148.22713081802038,146.13008913879244,147.7589569091797,54511500,0.0,0.0,0.3805174097393491,0.0825732886072239
2021-11-04 00:00:00-04:00,147.84676026074618,148.6758168059769,146.92990900121129,147.24203491210938,60394600,0.0,0.0,0.32171352537400866,0.07363662987294672
2021-11-05 00:00:00-04:00,148.36536141475236,148.6681654176707,146.57782514412813,147.76951599121094,65463900,0.22,0.0,0.28098162414385763,0.09280775545957587
2021-11-08 00:00:00-05:00,147.8964818732159,148.0527725947036,146.67548855791236,146.94898986816406,55020900,0.0,0.0,0.2753174803179219,0.13786210798686538
2021-11-09 00:00:00-05:00,146.71454897260128,147.91600218212633,146.57779832196186,147.31039428710938,56787900,0.0,0.0,0.3045021725861876,0.16093126530044022
2021-11-10 00:00:00-05:00,146.53871644786318,146.64616444006643,144.41907415140022,144.48744201660156,65187100,0.0,0.0,0.2833652634254624,0.1800975570192358
2021-11-11 00:00:00-05:00,145.50336208425588,145.96244193460964,144.25305100972494,144.4386444091797,41000000,0.0,0.0,0.24513861640230195,0.2135658922508521
2021-11-12 00:00:00-05:00,144.9856178095641,146.90990439693277,144.05766590459464,146.50942993164062,63804000,0.0,0.0,0.2659563317119118,0.17167803173665508
2021-11-15 00:00:00-05:00,146.8806659885496,148.3556360439211,145.96247626248746,146.51925659179688,59222800,0.0,0.0,0.2655103929350724,0.16219960538563427
2021-11-16 00:00:00-05:00,146.46055672746397,147.97459104914827,145.87447411755394,147.49595642089844,59256200,0.0,0.0,0.26293304046096555,0.1874176196774462
2021-11-17 00:00:00-05:00,147.49599850722544,151.40317727562876,147.48623592599793,149.92822265625,88807000,0.0,0.0,0.29354431510429535,0.12228782571738428
2021-11-18 00:00:00-05:00,150.14308917571017,154.9879815498081,149.49840122848465,154.20654296875,137827700,0.0,0.0,0.34578684561699236,0.08405672624796168
2021-11-19 00:00:00-05:00,153.99164315630802,157.28345067512842,152.8976381128572,156.82435607910156,117305600,0.0,0.0,0.36159580150689585,0.057303130163818716
2021-11-22 00:00:00-05:00,157.9281509208038,161.8548695638248,157.26393771700205,157.28347778320312,117467900,0.0,0.0,0.380711221532801,0.07433857891116658
2021-11-23 00:00:00-05:00,157.38111945184002,158.04534743857107,155.36892523842945,157.66439819335938,96041900,0.0,0.0,0.426482711719987,0.0881608416933668
2021-11-24 00:00:00-05:00,157.01972573471906,158.37746957878764,155.93548317544833,158.18211364746094,69463600,0.0,0.0,0.4147636025828598,0.08855130547334467
2021-11-26 00:00:00-05:00,155.867151508964,156.72672078738918,152.73163368073872,153.1711883544922,76959800,0.0,0.0,0.3597926085469392,0.14999013271965267
2021-11-29 00:00:00-05:00,155.67173929364688,157.4495124904144,155.1051966783485,156.5215606689453,88748200,0.0,0.0,0.38286132044973953,0.11888439593803612
2021-11-30 00:00:00-05:00,156.27736517799391,161.67903783874624,156.20898240534294,161.46414184570312,174048100,0.0,0.0,0.39705181357924335,0.08517863930172376
2021-12-01 00:00:00-05:00,163.59354652559932,166.3481143018466,160.7120055934647,160.94644165039062,152052500,0.0,0.0,0.35092681825368666,0.08150762633978359
2021-12-02 00:00:00-05:00,155.05640108044867,160.38969196905754,154.13821164787007,159.95989990234375,136739200,0.0,0.0,0.338719131502373,0.08433061798706731
2021-12-03 00:00:00-05:00,160.21386222018816,161.13205157338396,156.01364225594332,158.08444213867188,118023100,0.0,0.0,0.32452991542047704,0.12462918265651068
2021-12-06 00:00:00-05:00,160.47756105335333,163.98426461858526,160.46779847409405,161.48367309570312,107497000,0.0,0.0,0.3606474386662073,0.08698294641384097
2021-12-07 00:00:00-05:00,165.15642772326544,167.59841414884357,164.43359437560147,167.2076873779297,120405400,0.0,0.0,0.3918000047248018,0.02184835851906386
2021-12-08 00:00:00-05:00,168.13570063364043,171.87682666062753,166.73887626153672,171.01724243164062,116998900,0.0,0.0,0.41629982709767677,-0.017592145317549823
2021-12-09 00:00:00-05:00,170.85116144440897,172.6484600825667,169.8841293433167,170.50927734375,108923700,0.0,0.0,0.44224096796996504,-0.013691534723355714
2021-12-10 00:00:00-05:00,171.1442122366866,175.46164318083981,170.63627480069655,175.2858123779297,115402700,0.0,0.0,0.4650786765850896,-0.04045725752557272
2021-12-13 00:00:00-05:00,176.9170250648393,177.90359710458122,171.4567470785072,171.66188049316406,153237000,0.0,0.0,0.4445174975817243,-0.0037552778734071257
2021-12-14 00:00:00-05:00,171.18327152968024,173.6154957034132,168.21382219359762,170.2846221923828,139380400,0.0,0.0,0.4403407378592359,0.006883652561750164
2021-12-15 00:00:00-05:00,171.04652519555987,175.33465344975855,168.31149697974806,175.13929748535156,131063300,0.0,0.0,0.41073942167806643,-0.03965454046631578
2021-12-16 00:00:00-05:00,175.11972073731067,176.93655914468357,166.78766465581225,168.2626190185547,150185800,0.0,0.0,0.3560904487518499,0.004702437840627516
2021-12-17 00:00:00-05:00,165.98671202152144,169.44457351876034,165.75229083845704,167.16864013671875,195432700,0.0,0.0,0.3379568527159371,-0.007829902686890433
2021-12-20 00:00:00-05:00,164.374993320752,166.62162387110183,163.57402950297322,165.81088256835938,107499100,0.0,0.0,0.3484642124219961,-0.020736603285191224
2021-12-21 00:00:00-05:00,167.57888393978646,169.1808265329912,165.1955026634982,168.9757080078125,91185900,0.0,0.0,0.35737734014155276,-0.04902026297291884
2021-12-22 00:00:00-05:00,169.02455200604697,171.7791202742142,168.15520530032774,171.56422424316406,92135300,0.0,0.0,0.3400268133291493,-0.07532449698420429
2021-12-23 00:00:00-05:00,171.76933180091095,172.74612637491737,171.20278915942293,172.18934631347656,68356600,0.0,0.0,0.35435800950460483,-0.08316306442735544
2021-12-27 00:00:00-05:00,172.9805356564393,176.2332631531054,172.9610104976855,176.14535522460938,74919600,0.0,0.0,0.37487046419225933,-0.11395744335821067
2021-12-28 00:00:00-05:00,175.97935346537145,177.1222015844957,174.38717318344425,175.12953186035156,79144300,0.0,0.0,0.3197399820091209,-0.10932015391439565
2021-12-29 00:00:00-05:00,175.16859502828655,176.4384311169709,174.00620695259946,175.21743774414062,62348900,0.0,0.0,0.338221360870685,-0.11238712711344112
2021-12-30 00:00:00-05:00,175.30533745901636,176.3798175385403,173.95735606919604,174.06480407714844,59773000,0.0,0.0,0.3408506703424099,-0.04416362166996812
2021-12-31 00:00:00-05:00,173.95733955389892,175.07088475573076,173.14659828081136,173.4494171142578,64062300,0.0,0.0,0.3464814655341415,-0.01571216293643951
2022-01-03 00:00:00-05:00,173.70338274431063,178.63619837680892,173.5861721636794,177.786376953125,104487900,0.0,0.0,0.4151303730197249,-0.0406570605029023
2022-01-04 00:00:00-05:00,178.39201490568885,178.69481886787932,174.96345608354855,175.52999877929688,99310400,0.0,0.0,0.3801069038313616,-0.021480181655480823
2022-01-05 00:00:00-05:00,175.44206970266174,175.98907226585013,170.58739959731207,170.86090087890625,94537600,0.0,0.0,0.3901920146588225,-0.011548161471180318
2022-01-06 00:00:00-05:00,168.69243553501073,171.23210762394186,167.65703557565845,168.00868225097656,96904000,0.0,0.0,0.3218786144030834,0.00354466965838518
2022-01-07 00:00:00-05:00,168.878037036841,170.0990304259398,167.06119827767387,168.17474365234375,86709100,0.0,0.0,0.311862190849733,-0.0016920564351494694
2022-01-10 00:00:00-05:00,165.15639796375567,168.4970330034337,164.267511487885,168.19422912597656,106765600,0.0,0.0,0.34324308433033135,0.016625665202153694
2022-01-11 00:00:00-05:00,168.32129403805408,171.11491297284869,166.85610177757536,171.01724243164062,76138300,0.0,0.0,0.36769684386456425,0.008136575769737142
2022-01-12 00:00:00-05:00,172.03310776443337,173.06850794205806,170.76328635698084,171.45680236816406,74805200,0.0,0.0,0.3493174664407115,-0.018177751921779173
2022-01-13 00:00:00-05:00,171.70091742410852,172.52142113812778,167.80350242546766,168.19422912597656,84505800,0.0,0.0,0.3439723850335046,-0.019368894063628406
2022-01-14 00:00:00-05:00,167.36399798657283,169.74737940608347,167.11979931497876,169.05386352539062,80440800,0.0,0.0,0.36964730121434886,-0.022966728205883635
2022-01-18 00:00:00-05:00,167.53003637041928,168.53613361538314,165.47877665458643,165.85972595214844,90956700,0.0,0.0,0.33651558267494486,0.01890562120697359
2022-01-19 00:00:00-05:00,166.0550471179265,167.1099868528867,162.08926425974443,162.37252807617188,94815000,0.0,0.0,0.26679358515606055,0.03934247925477896
2022-01-20 00:00:00-05:00,163.10515822088573,165.74250066133902,160.3701303584997,160.69247436523438,91420500,0.0,0.0,0.20935320055700002,0.027871716096886656
2022-01-21 00:00:00-05:00,160.60458738914824,162.4702688967568,158.53378733529433,158.6412353515625,122848900,0.0,0.0,0.1750283565241253,0.03142128011240475
2022-01-24 00:00:00-05:00,156.30669005524535,158.53378075020058,151.11013516388041,157.8695526123047,162294600,0.0,0.0,0.13781359287363903,0.018001207986863443
2022-01-25 00:00:00-05:00,155.2908420181254,158.98312538106185,153.37633244719146,156.07228088378906,115798400,0.0,0.0,0.12297465588129985,0.0030911134959852316
2022-01-26 00:00:00-05:00,159.70592982008216,160.57527648713483,154.15774320444362,155.98434448242188,108275300,0.0,0.0,0.1310325492203661,0.020397668301281868
2022-01-27 00:00:00-05:00,158.68029600296296,160.0380400395087,154.6070638933257,155.52525329589844,121954600,0.0,0.0,0.16858654554568298,0.03667901790168715
2022-01-28 00:00:00-05:00,161.86468439588282,166.39701199453762,159.02220774828047,166.37747192382812,179935700,0.0,0.0,0.2987272520240143,-0.029352934238737416
2022-01-31 00:00:00-05:00,166.2113655240236,170.9390476064095,165.57644011866424,170.72415161132812,115541600,0.0,0.0,0.3109992994226065,-0.06506510478811511
2022-02-01 00:00:00-05:00,169.97202274767105,170.78276405312576,168.31147491088436,170.55810546875,86213900,0.0,0.0,0.30147728325936596,-0.0448872468888043
2022-02-02 00:00:00-05:00,170.69487983616585,171.79866265554188,169.30783310188434,171.75958251953125,84914300,0.0,0.0,0.3209201067913623,-0.053447645418141176
2022-02-03 00:00:00-05:00,170.43110878285196,172.15027672857178,168.12587305039293,168.8877716064453,89418100,0.0,0.0,0.26621912138932524,-0.05507276728734112
2022-02-04 00:00:00-05:00,167.90980296432235,170.2766715288456,166.93176352974814,168.60421752929688,82465400,0.22,0.0,0.26802166102847536,-0.07593293034003079
2022-02-07 00:00:00-05:00,169.06382633955357,170.129885294368,167.19576822143142,167.8901824951172,77251200,0.0,0.0,0.26126820211881707,-0.08283816621710138
2022-02-08 00:00:00-05:00,167.9586430232075,171.49915455646115,167.6652283214683,170.99057006835938,74829200,0.0,0.0,0.29306028460614986,-0.06795158110297328
2022-02-09 00:00:00-05:00,172.18379236064646,172.77060688626915,171.05903840340724,172.4087371826172,71285000,0.0,0.0,0.3097547291634548,-0.10074874906838927
2022-02-10 00:00:00-05:00,170.31574652168356,171.6263154743887,167.78262856301606,168.34010314941406,90865900,0.0,0.0,0.2813070651728917,-0.10103425955896739
2022-02-11 00:00:00-05:00,168.54545914237346,169.27898837706067,164.34966356269592,164.93649291992188,98670700,0.0,0.0,0.2531750865136948,-0.10685450036533428
2022-02-14 00:00:00-05:00,163.69440078491326,165.85587378073802,162.90219149496014,165.17124938964844,86185500,0.0,0.0,0.2754992011532522,-0.08165556747586511
2022-02-15 00:00:00-05:00,167.21538330696293,169.15189697697923,166.5111938044669,168.9954071044922,62527400,0.0,0.0,0.328469758893398,-0.07639353323973752
2022-02-16 00:00:00-05:00,168.07604144255788,169.5333102903167,166.31556790878483,168.7606658935547,61177400,0.0,0.0,0.3381818467804092,-0.06913951022518383
2022-02-17 00:00:00-05:00,167.274027503072,168.13470669398032,164.77024977354867,165.17124938964844,69589300,0.0,0.0,0.30810602042968727,-0.02901466770836192
2022-02-18 00:00:00-05:00,166.09060878011084,166.7947832093295,162.54032203615824,163.62594604492188,82772700,0.0,0.0,0.33566943464737276,-0.011476408113479053
2022-02-22 00:00:00-05:00,161.35688974047144,163.02934320107533,158.58903724171788,160.71139526367188,91162800,0.0,0.0,0.3133373788609606,0.027385827821284847
2022-02-23 00:00:00-05:00,161.90457789540673,162.5011823133144,156.24173835796486,156.55471801757812,90009200,0.0,0.0,0.28457404852348667,0.06334745618164583
2022-02-24 00:00:00-05:00,149.22918225588046,159.27364628099374,148.6619178836396,159.1660614013672,141147500,0.0,0.0,0.3530641380326589,0.06962031930072232
2022-02-25 00:00:00-05:00,160.24193771015948,161.4938266826065,157.3371601146723,161.22976684570312,91974200,0.0,0.0,0.36755567966023217,0.05987249717357557
2022-02-28 00:00:00-05:00,159.47904685433394,161.78721963459702,158.86287747049465,161.49380493164062,95056600,0.0,0.0,0.2997993744451972,0.06346917105598093
2022-03-01 00:00:00-05:00,161.08302534266187,162.94130845487337,158.4129829679633,159.615966796875,83474400,0.0,0.0,0.31210000696778484,0.09656881752007918
2022-03-02 00:00:00-05:00,160.77987821220702,163.68465609606667,159.37149924746353,162.9022216796875,79724800,0.0,0.0,0.37268516018406084,0.06730298727233897
2022-03-03 00:00:00-05:00,164.77025023720336,165.20058983386846,161.91437782369874,162.57943725585938,76678400,0.0,0.0,0.3919749322371522,0.05041218019361393
2022-03-04 00:00:00-05:00,160.87767357199544,161.91439273743828,158.54016047816125,159.58665466308594,83737200,0.0,0.0,0.35183519112576755,0.06827224988719882
2022-03-07 00:00:00-05:00,159.7724409102269,161.39598912291174,155.5473055505203,155.80160522460938,96418800,0.0,0.0,0.3771637096967806,0.12015095272429255
2022-03-08 00:00:00-05:00,155.33216629168248,159.30300237550088,152.37848423515257,153.9824676513672,131148300,0.0,0.0,0.3079174902394435,0.11191574603907584
2022-03-09 00:00:00-05:00,157.9337716080875,159.82139509337992,155.90923815043413,159.37149047851562,91454900,0.0,0.0,0.3662152389696469,0.054495110856646045
2022-03-10 00:00:00-05:00,156.68187121650197,156.86770104560523,152.55454474714313,155.0387725830078,105342000,0.0,0.0,0.3074957003907448,0.08591964998989732
2022-03-11 00:00:00-05:00,155.43974670100266,155.78206635482195,151.1070406596988,151.3319854736328,96970100,0.0,0.0,0.286041678350605,0.0992697596104255
2022-03-14 00:00:00-04:00,148.1240608517471,150.73542420084024,146.80371664532285,147.31228637695312,108732100,0.0,0.0,0.22199579211285703,0.10045122059095579
2022-03-15 00:00:00-04:00,147.58611061794517,152.15356685525754,147.07754097449947,151.68409729003906,92964300,0.0,0.0,0.242428940655673,0.08104946408069647
2022-03-16 00:00:00-04:00,153.60103819497576,156.48625045296393,151.06792059745445,156.0852508544922,102300200,0.0,0.0,0.28677871487083006,0.0677361667375258
2022-03-17 00:00:00-04:00,155.12678288189394,157.4642957434988,154.16830873861088,157.09263610839844,75615400,0.0,0.0,0.34053465014951945,0.029074746608208413
2022-03-18 00:00:00-04:00,156.98506332691767,160.86788006337628,156.25153394230247,160.3788604736328,123511700,0.0,0.0,0.3747363001994237,0.006647201217743426
2022-03-21 00:00:00-04:00,159.9191646814939,162.6968070121453,159.4301451412394,161.74810791015625,95811400,0.0,0.0,0.3482691551393178,0.012214249300304347
2022-03-22 00:00:00-04:00,161.875287086074,165.69942451775893,161.28847243159635,165.11260986328125,81532000,0.0,0.0,0.3858612647958617,-0.009418602287072475
2022-03-23 00:00:00-04:00,164.3008129085659,168.8486892835288,163.9682682338466,166.47206115722656,98062700,0.0,0.0,0.42577783760313204,-0.02226681367669936
2022-03-24 00:00:00-04:00,167.30334651961118,170.3157083866542,166.47202233591315,170.24725341796875,90131400,0.0,0.0,0.45206537188849505,-0.07054594811444037
2022-03-25 00:00:00-04:00,170.061446329407,171.43069512284325,168.95625735233114,170.88299560546875,80546200,0.0,0.0,0.45003276140124915,-0.06776558739057492
2022-03-28 00:00:00-04:00,168.38900077447545,171.87081780430975,168.22273590773543,171.74368286132812,90371900,0.0,0.0,0.45517494068317266,-0.10706155644129378
2022-03-29 00:00:00-04:00,172.8097389298353,175.0787819860724,172.46741925958432,175.02989196777344,100589400,0.0,0.0,0.5014483371021949,-0.1251117733360103
2022-03-30 00:00:00-04:00,174.6288971925018,175.66561632731086,172.81951875433577,173.86602783203125,92633200,0.0,0.0,0.4639917211020226,-0.07948486302670665
2022-03-31 00:00:00-04:00,173.93448350287292,174.1203133341303,170.5700263491638,170.77542114257812,103049300,0.0,0.0,0.4280310835807286,-0.09713072034530568
2022-04-01 00:00:00-04:00,170.20814487239906,171.0394840841696,168.16404671715162,170.48199462890625,78751300,0.0,0.0,0.39274044519620066,-0.09379847750428993
2022-04-04 00:00:00-04:00,170.73630961524591,174.57022147286082,170.60915974417932,174.5213165283203,76468400,0.0,0.0,0.4222373016580623,-0.10625421150155334
2022-04-05 00:00:00-04:00,173.60194829792937,174.38438259894033,170.58958593943765,171.2155303955078,73401800,0.0,0.0,0.376860403741732,-0.05163954273771143
2022-04-06 00:00:00-04:00,168.57481703992445,169.81693085468368,166.39379406221198,168.05645751953125,89058800,0.0,0.0,0.3259531409188521,-0.08764436956429367
2022-04-07 00:00:00-04:00,167.4011755212215,169.55285855113002,166.11994669119974,168.35964965820312,77594700,0.0,0.0,0.30197833453812395,-0.0849827318654679
2022-04-08 00:00:00-04:00,168.00756384278074,168.00756384278074,165.48422104719532,166.35467529296875,76575500,0.0,0.0,0.3037254200638839,-0.10468941188124992
2022-04-11 00:00:00-04:00,165.00498773482366,165.31795249524248,161.8654755697351,162.1099853515625,72246700,0.0,0.0,0.24031199613244536,-0.06644308568115331
2022-04-12 00:00:00-04:00,164.3301066999282,166.13946978275985,162.98040818860537,163.97801208496094,79265200,0.0,0.0,0.277410574711332,-0.12492380050999108
2022-04-13 00:00:00-04:00,163.7139749230824,167.28381189911025,163.10759541750994,166.65786743164062,70618900,0.0,0.0,0.2744447920362909,-0.16215101688413114
2022-04-14 00:00:00-04:00,166.87301451784703,167.50874884154206,161.41555493977322,161.66006469726562,75329400,0.0,0.0,0.2393588753002749,-0.1086805541790622
2022-04-18 00:00:00-04:00,160.32017704396847,162.94132974863555,159.977872292766,161.44493103027344,69023900,0.0,0.0,0.23146796074649356,-0.11701802994294663
2022-04-19 00:00:00-04:00,161.3960167105301,164.13452917950872,160.31039271090148,163.72373962402344,67723800,0.0,0.0,0.26508062121927756,-0.10717265067127535
2022-04-20 00:00:00-04:00,165.05387853639598,165.17125338034182,162.45230578739907,163.55747985839844,67929800,0.0,0.0,0.26010440892409803,-0.15668888877901033
2022-04-21 00:00:00-04:00,165.200581424204,167.7630389892028,162.26646424033356,162.7652587890625,87227800,0.0,0.0,0.2688275822856796,-0.1734657143949967
2022-04-22 00:00:00-04:00,162.8044569760208,164.1834812886873,157.95337463143926,158.23699951171875,84882400,0.0,0.0,0.2116707709147232,-0.148327422176193
2022-04-25 00:00:00-04:00,157.58165071304833,159.58663379803306,154.9800781201004,159.30300903320312,96046400,0.0,0.0,0.21621174219915207,-0.12008660468375632
2022-04-26 00:00:00-04:00,158.68684707978605,158.77486701882205,153.2782919448604,153.35653686523438,95623200,0.0,0.0,0.1736881749185748,-0.10353157006893476
2022-04-27 00:00:00-04:00,152.48608239761126,156.28086402556207,151.96772285920957,153.131591796875,88063200,0.0,0.0,0.17907278198184784,-0.1011914346799484
2022-04-28 00:00:00-04:00,155.75271956865106,160.906989569117,155.43973990755873,160.0463104248047,130216800,0.0,0.0,0.23323797078595088,-0.12007289683896005
2022-04-29 00:00:00-04:00,158.2858683064252,162.55012002443183,153.7966717400247,154.18788146972656,131747600,0.0,0.0,0.20635152769182996,-0.04941405900152773
2022-05-02 00:00:00-04:00,153.268494371806,154.7551028690703,149.90403790928826,154.4910430908203,123055300,0.0,0.0,0.1988743182068189,-0.05635165399554065
2022-05-03 00:00:00-04:00,154.67689768841237,157.18069064394373,152.88709903691972,155.97769165039062,88966500,0.0,0.0,0.2548131492665646,-0.06616188721085592
2022-05-04 00:00:00-04:00,156.163485086847,162.82392827829534,155.7624855158091,162.37403869628906,108256500,0.0,0.0,0.3037212432718752,-0.0878679339876679
2022-05-05 00:00:00-04:00,160.25177663914226,160.47672154353404,151.54721621125836,153.32725524902344,130525300,0.0,0.0,0.215521879280119,-0.07129205435064401
2022-05-06 00:00:00-04:00,152.80804796848787,156.16765847712838,151.01560506464577,154.05198669433594,116124600,0.23,0.0,0.2147953551419597,-0.07082879067063619
2022-05-09 00:00:00-04:00,151.75019320834667,152.63173048104144,148.3808086845327,148.93910217285156,131577900,0.0,0.0,0.20558707518744512,-0.022030406501549638
2022-05-10 00:00:00-04:00,152.32817846383375,153.52314090318518,149.7913231533669,151.33889770507812,115366700,0.0,0.0,0.23415761521154632,-0.042392197090061035
2022-05-11 00:00:00-04:00,150.3495886480442,152.25956414663153,142.81741468212965,143.49325561523438,142689800,0.0,0.0,0.20010566676301744,-0.026348009894540336
2022-05-12 00:00:00-04:00,139.8398213340432,143.19941752795359,135.95129962230052,139.63412475585938,182602000,0.0,0.0,0.14727135936881575,-0.03808934962958399
2022-05-13 00:00:00-04:00,141.62247481337442,145.06044619602298,140.1728540722722,144.09075927734375,113990900,0.0,0.0,0.1608513963182605,-0.10352804556793238
2022-05-16 00:00:00-04:00,142.56276758428663,144.4923369438145,141.22087499257742,142.55296325683594,86643800,0.0,0.0,0.15919475098815417,-0.08781108738046772
2022-05-17 00:00:00-04:00,145.80482673464496,146.69615365751025,143.66956086149628,146.17703247070312,78336300,0.0,0.0,0.20218391615960551,-0.09253540083788303
2022-05-18 00:00:00-04:00,143.83608013972986,144.33560760113403,137.0287088681347,137.92984008789062,109742900,0.0,0.0,0.13581321003875035,-0.07640969448092072
2022-05-19 00:00:00-04:00,137.00914057415054,138.75260707730666,133.7964597180681,134.53106689453125,136095600,0.0,0.0,0.08502649486335123,-0.042155005292272785
2022-05-20 00:00:00-04:00,136.2353274341848,137.81228455615957,129.88832647827988,134.76611328125,137426100,0.0,0.0,0.10321361639470417,-0.012501086952583451
2022-05-23 00:00:00-04:00,134.96203055915507,140.31976702681078,134.82490447725766,140.1728515625,117726300,0.0,0.0,0.13239672532762814,-0.054223823822429074
2022-05-24 00:00:00-04:00,137.92005516834,139.05625126128453,134.51148183512868,137.4792938232422,104132700,0.0,0.0,0.11238699692007881,-0.014890270562983199
2022-05-25 00:00:00-04:00,135.58886991195646,138.87991021944293,135.50072064953915,137.635986328125,92482700,0.0,0.0,0.11409404096776754,0.008112759575490847
2022-05-26 00:00:00-04:00,134.57023400738558,141.37759058232152,134.3253649583187,140.82908630371094,90601500,0.0,0.0,0.15422611995497593,-0.014744768741111969
2022-05-27 00:00:00-04:00,142.4060581377044,146.6080048732437,142.27872143657157,146.56883239746094,90978500,0.0,0.0,0.20772756742701914,-0.08152913918901972
2022-05-31 00:00:00-04:00,146.01050754614022,147.5678709384086,143.82626511004062,145.78521728515625,103718400,0.0,0.0,0.2044603526138118,-0.06456598054464124
2022-06-01 00:00:00-04:00,146.8234773391278,148.62572491730577,144.6490389655957,145.6579132080078,74286600,0.0,0.0,0.19590306630472432,-0.08062697906951477
2022-06-02 00:00:00-04:00,144.79593383540592,148.16533354946895,143.84584095281429,148.1065673828125,72348100,0.0,0.0,0.23096878923539332,-0.08121158685193719
2022-06-03 00:00:00-04:00,143.88503314588232,144.93307974702813,141.49512401563555,142.396240234375,88570300,0.0,0.0,0.16141545112364608,-0.02627602849525512
2022-06-06 00:00:00-04:00,144.01240411533595,145.52080603843785,141.92611474243267,143.1406707763672,71598400,0.0,0.0,0.16739449931742345,-0.022033677697381293
2022-06-07 00:00:00-04:00,141.3873963509184,145.94195473174813,141.14252729935507,145.6579132080078,67808200,0.0,0.0,0.18005089040909183,-0.015869745104593713
2022-06-08 00:00:00-04:00,145.53057980516448,146.7940975636926,144.43357121198528,144.92330932617188,53950200,0.0,0.0,0.1704976291051925,-0.0062181409508454966
2022-06-09 00:00:00-04:00,144.0613709060868,144.91351047437155,139.60475090946733,139.71249389648438,69473000,0.0,0.0,0.13753827430379473,0.01563356318856357
2022-06-10 00:00:00-04:00,137.40089525066517,137.8710395567264,134.24698126233585,134.3155517578125,91437900,0.0,0.0,0.08294799655941953,0.06366222611202454
2022-06-13 00:00:00-04:00,130.14299644685158,132.4251777606438,128.7423526705115,129.17332458496094,122207100,0.0,0.0,0.016504152740096423,0.10319965629921812
2022-06-14 00:00:00-04:00,130.39764883857168,131.14204524198857,128.7815044194442,130.0352325439453,84784300,0.0,0.0,0.029917249389852962,0.118333994563945
2022-06-15 00:00:00-04:00,131.53387967535357,134.52128569573054,129.44760509851972,132.65048217773438,91533000,0.0,0.0,0.046513639381082994,0.10883819438740883
2022-06-16 00:00:00-04:00,129.36920911544067,129.6728443246095,126.39159330904647,127.39066314697266,108123900,0.0,0.0,-0.007488587873080044,0.13078597087477783
2022-06-17 00:00:00-04:00,127.4004988291183,130.34871732723784,127.14582540730095,128.8599090576172,134520300,0.0,0.0,0.014193182370206836,0.14776488659571396
2022-06-21 00:00:00-04:00,130.68167733148658,134.2469691337133,130.58373870544858,133.08139038085938,81000500,0.0,0.0,0.03285098767547656,0.12637098924947665
2022-06-22 00:00:00-04:00,132.02362418807766,134.93267044174033,131.16169507465415,132.5721435546875,73409200,0.0,0.0,0.0159977659913344,0.14776454355354507
2022-06-23 00:00:00-04:00,134.01195231906672,135.74561458048865,132.84637315008302,135.43218994140625,72433800,0.0,0.0,0.04008976308288137,0.11441360463035855
2022-06-24 00:00:00-04:00,137.0287064173905,138.99746302987265,136.90138468183136,138.75259399414062,89116800,0.0,0.0,0.06790586615466454,0.07969788712336245
2022-06-27 00:00:00-04:00,139.7712426067131,140.5450371291734,138.0767530642211,138.75259399414062,70207900,0.0,0.0,0.0703124475851411,0.07016811297121284
2022-06-28 00:00:00-04:00,139.21294709984699,140.47646473111445,134.50166930718802,134.61920166015625,67083400,0.0,0.0,0.025561847777415547,0.14078872379909146
2022-06-29 00:00:00-04:00,134.63878986432783,137.78289974267364,133.8649953839291,136.37245178222656,66242400,0.0,0.0,0.02710631491956339,0.13014460175634612
2022-06-30 00:00:00-04:00,134.4330767564404,135.53008505921423,131.02450456880948,133.91395568847656,98964500,0.0,0.0,0.003950512323129818,0.1886338995816519
2022-07-01 00:00:00-04:00,133.2479128863371,136.18634098386156,132.87572215700436,136.07859802246094,71051600,0.0,0.0,0.01787503783626332,0.16252784942712228
2022-07-05 00:00:00-04:00,134.94242477245444,138.70360936186282,134.1196535002059,138.65463256835938,73353800,0.0,0.0,0.01721032095364583,0.13033332709722933
2022-07-06 00:00:00-04:00,138.44898530382812,141.16212397864905,138.1845225098008,139.98675537109375,74064300,0.0,0.0,0.012086450905295143,0.16239819789731436
2022-07-07 00:00:00-04:00,140.3491492881493,143.5422515193908,140.3393599057939,143.3463592529297,66253700,0.0,0.0,0.018096059461376157,0.13296868851022858
2022-07-08 00:00:00-04:00,142.2786895406023,144.52169812610057,142.02403114104803,144.02215576171875,64547800,0.0,0.0,0.032393737495866715,0.1260859090232953
2022-07-11 00:00:00-04:00,142.6802818681296,143.63037488194183,140.82907263468897,141.89669799804688,63141600,0.0,0.0,0.0040498462885263375,0.13963547098278561
2022-07-12 00:00:00-04:00,142.768425199881,145.40321819395862,142.07300556646354,142.8663787841797,77588800,0.0,0.0,0.015178851593067533,0.13224376957928907
2022-07-13 00:00:00-04:00,140.05527730810053,143.4442558667998,139.20312303306522,142.50396728515625,71185600,0.0,0.0,0.004677451627963958,0.16485736374013027
2022-07-14 00:00:00-04:00,141.12292146669557,145.8929653987599,140.30995449187216,145.42282104492188,78140700,0.0,0.0,0.0011280828337809634,0.1364185036771688
2022-07-15 00:00:00-04:00,146.70592606919652,147.7637620290884,145.15835206929646,147.08792114257812,76259900,0.0,0.0,0.017160202124570256,0.14762643582887747
2022-07-18 00:00:00-04:00,147.64625063740658,148.4592176926782,143.68915834296686,144.05157470703125,81420900,0.0,0.0,0.010385046081615279,0.17923823195309097
2022-07-19 00:00:00-04:00,144.88409097349603,148.1261542059037,143.89482557447934,147.90087890625,82982400,0.0,0.0,0.06607737548384285,0.14748599790030403
2022-07-20 00:00:00-04:00,148.01842499581136,150.56506886066487,147.2838179131366,149.89901733398438,64823400,0.0,0.0,0.05312604957156308,0.1421357884366734
2022-07-21 00:00:00-04:00,151.3290452388946,152.3770917552224,148.82158901652633,152.16160583496094,65086600,0.0,0.0,0.07453603816152055,0.12257433592226596
2022-07-22 00:00:00-04:00,152.20079694797485,153.07253011561605,150.2614383736218,150.92747497558594,66675400,0.0,0.0,0.05565620503791946,0.11466211877790555
2022-07-25 00:00:00-04:00,150.849124954379,151.85798424989775,149.1546353044719,149.81088256835938,53623900,0.0,0.0,0.035432372903074105,0.09710841488587407
2022-07-26 00:00:00-04:00,149.13504463438227,149.94801169458665,147.70501771546552,148.4886016845703,55138700,0.0,0.0,0.023331241736536334,0.1046321532605603
2022-07-27 00:00:00-04:00,149.4484808165071,154.10099277980115,149.0371026048061,153.5720672607422,78620700,0.0,0.0,0.07437351245502666,0.06998331461903873
2022-07-28 00:00:00-04:00,153.75817384315252,154.40463173955777,151.2409277129022,154.12059020996094,81378700,0.0,0.0,0.09152260556744829,0.08208537701351237
2022-07-29 00:00:00-04:00,157.93074338059327,160.27169083424704,156.22644946059978,159.17466735839844,101786900,0.0,0.0,0.12220875118065844,0.008228882985285901
2022-08-01 00:00:00-04:00,157.7054219228439,160.23247174092782,157.58788958801776,158.19515991210938,67829400,0.0,0.0,0.11362082266435602,0.0005831697930778201
2022-08-02 00:00:00-04:00,156.81411634866453,159.07670355733856,156.35376142488207,156.7259521484375,59907000,0.0,0.0,0.10585592035832891,-0.005494883164485653
2022-08-03 00:00:00-04:00,157.53891577890045,163.1709027619496,157.450766526114,162.72035217285156,82507500,0.0,0.0,0.1338159191438404,-0.05231815969199671
2022-08-04 00:00:00-04:00,162.60282888470158,163.75861850349844,161.05525478751719,162.4069366455078,55474100,0.0,0.0,0.13478955138633886,-0.04602000789026095
2022-08-05 00:00:00-04:00,160.0823306929475,162.67173843719075,159.8763484441019,162.1813201904297,56697000,0.23,0.0,0.1323652056146536,-0.05769587386621999
2022-08-08 00:00:00-04:00,163.18176501562593,164.59417198149717,161.05335158963675,161.71051025390625,60276900,0.0,0.0,0.13448648981946043,-0.06271596341148122
2022-08-09 00:00:00-04:00,160.87682032374863,162.64232916411427,160.12157196524083,161.7595672607422,63135500,0.0,0.0,0.135219283920607,-0.05432930150951676
2022-08-10 00:00:00-04:00,164.46667794890814,166.0948703368816,163.70162657940335,165.99679565429688,70170500,0.0,0.0,0.1688758383042157,-0.08733122856029807
2022-08-11 00:00:00-04:00,166.8010905635419,167.71327649760102,164.9669306824805,165.2611846923828,57149200,0.0,0.0,0.1616217550805199,-0.06599808301641363
2022-08-12 00:00:00-04:00,166.5656804191666,168.87063747457046,166.1537158722437,168.80198669433594,68039400,0.0,0.0,0.16236393906487478,-0.05037763702534126
2022-08-15 00:00:00-04:00,168.2331286414766,170.06728863023804,168.0663881848966,169.87112426757812,54091700,0.0,0.0,0.16807830645195132,-0.11172724540393442
2022-08-16 00:00:00-04:00,169.46897842594916,170.3811644180383,168.37044601656845,169.7141876220703,56377100,0.0,0.0,0.15140020876033566,-0.10241028253911999
2022-08-17 00:00:00-04:00,169.45914438952641,172.77436193637106,169.2629800618565,171.2050323486328,79542000,0.0,0.0,0.1687068522110562,-0.12706971323677974
2022-08-18 00:00:00-04:00,170.4203849105247,171.54834118381174,169.8024529702403,170.81271362304688,62290100,0.0,0.0,0.19654205374721112,-0.1346538826350575
2022-08-19 00:00:00-04:00,169.71419727903458,170.41059802085272,168.0271567164156,168.23313903808594,70346300,0.0,0.0,0.1757407880375521,-0.09934725745549311
2022-08-22 00:00:00-04:00,166.43814850327874,166.60488891273792,163.93701242863682,164.35877990722656,69026800,0.0,0.0,0.1371142422505356,-0.06367453789970257
2022-08-23 00:00:00-04:00,163.87816432492966,165.4769326102334,163.45639684713305,164.02528381347656,54147100,0.0,0.0,0.12328522202038261,-0.08078674096551475
2022-08-24 00:00:00-04:00,164.1135822617859,164.88843656775538,163.0640799468379,164.31954956054688,53841500,0.0,0.0,0.12597732392067384,-0.08828262564066758
2022-08-25 00:00:00-04:00,165.54559127859812,166.87952958176348,165.12383874706296,166.77163696289062,51218200,0.0,0.0,0.15248530652004777,-0.11527377257939164
2022-08-26 00:00:00-04:00,167.30132415112922,167.77212157949262,160.42564926256463,160.4844970703125,78961000,0.0,0.0,0.1152018351318449,-0.07853568410475786
2022-08-29 00:00:00-04:00,158.06181135805244,159.77827539995786,156.7573118566176,158.28741455078125,73314000,0.0,0.0,0.0920881875883861,-0.059610890185437415
2022-08-30 00:00:00-04:00,159.02305667853338,159.44480926961938,154.6975633016655,155.86476135253906,77906200,0.0,0.0,0.04362903980537247,-0.057076269979313254
2022-08-31 00:00:00-04:00,157.23790413486398,157.5027341926007,154.12865408316875,154.20712280273438,87991100,0.0,0.0,0.04130252586585459,-0.09375370443923181
2022-09-01 00:00:00-04:00,153.63825654168207,155.38414463005734,151.70600708998924,154.93296813964844,74229900,0.0,0.0,0.041539248386354144,-0.12509475622008048
2022-09-02 00:00:00-04:00,156.68862526348613,157.2869361057138,152.00022815870258,152.82412719726562,76957800,0.0,0.0,0.019740264341831848,-0.08574524920518056
2022-09-06 00:00:00-04:00,153.47150522336744,154.07961913097643,150.74478065092995,151.5686798095703,73714800,0.0,0.0,0.007102394132991741,-0.054552382639842856
2022-09-07 00:00:00-04:00,151.85312983190147,153.6676685648947,150.66631095885003,152.97128295898438,87449600,0.0,0.0,0.0009185371377544715,-0.061297783189956934
2022-09-08 00:00:00-04:00,151.67663503113909,153.3636758901367,149.7541879012168,151.50009155273438,84923800,0.0,0.0,0.0013896212298782906,-0.0584621768588266
2022-09-09 00:00:00-04:00,152.49067960307377,154.79565178409123,151.78447599724632,154.35426330566406,68028800,0.0,0.0,0.027142339439979013,-0.10980508535146294
2022-09-12 00:00:00-04:00,156.53173198406338,161.11223777090294,156.24729591423596,160.2981414794922,104956000,0.0,0.0,0.10321387878119603,-0.140794374343843
2022-09-13 00:00:00-04:00,156.8357585865151,157.46349338077283,150.43089710301157,150.8918914794922,122656600,0.0,0.0,0.03445014626251264,-0.09659372964563828
2022-09-14 00:00:00-04:00,151.82367056195963,154.0894153787575,150.66629071155694,152.33370971679688,87965400,0.0,0.0,0.05441695053165807,-0.10926501365975438
2022-09-15 00:00:00-04:00,151.68636408491093,152.26506901475514,148.47903939265456,149.45005798339844,90481100,0.0,0.0,0.028140671445515464,-0.06156033284056672
2022-09-16 00:00:00-04:00,148.31235493010595,148.44967149809492,145.52676674658431,147.81211853027344,162278800,0.0,0.0,0.01851257020465802,-0.08175201545574151
2022-09-19 00:00:00-04:00,146.44871449211215,151.59810678770754,146.2427471814607,151.51963806152344,81474200,0.0,0.0,0.06357415865905991,-0.07813290062397837
2022-09-20 00:00:00-04:00,150.46038124243267,155.05070592346382,150.14652120283193,153.893310546875,107689800,0.0,0.0,0.10381413947375728,-0.08381157521174842
2022-09-21 00:00:00-04:00,154.32483969180942,155.69802002410492,150.6565200858437,150.7742156982422,101696800,0.0,0.0,0.07774804980628947,-0.0641426054223101
2022-09-22 00:00:00-04:00,149.45988650515864,151.50983141556574,148.0180554999838,149.81298828125,86652500,0.0,0.0,0.05310847469589497,-0.061215235792019373
2022-09-23 00:00:00-04:00,148.29268659863374,148.5673196468233,145.71308157487604,147.5472412109375,96029900,0.0,0.0,0.030258830042478646,-0.021006331559261238
2022-09-26 00:00:00-04:00,146.79200808789446,150.82324708343862,146.77238716545008,147.8807373046875,93339400,0.0,0.0,0.031955055945279254,-0.008754877463908572
2022-09-27 00:00:00-04:00,149.81299153282302,151.75504386028683,147.0764489671257,148.8517608642578,84442700,0.0,0.0,0.04980667387045812,0.0038219816017162067
2022-09-28 00:00:00-04:00,144.81074419198137,147.7532545846386,142.0643981655583,146.9685821533203,146691400,0.0,0.0,0.06179727840761262,-0.0032701280236899777
2022-09-29 00:00:00-04:00,143.30027345445623,143.9083875278427,137.98412442041132,139.7496337890625,128138200,0.0,0.0,0.003139550981996919,0.016283108656401923
2022-09-30 00:00:00-04:00,138.5726459233104,140.35777639256233,135.3555018590439,135.55166625976562,124925300,0.0,0.0,-0.01784873446025992,0.126917343744829
2022-10-03 00:00:00-04:00,135.56144631438175,140.32831325471835,135.05140704196927,139.72018432617188,114311700,0.0,0.0,0.004193909936546225,0.07644793944369921
2022-10-04 00:00:00-04:00,142.2507447443845,143.41794280659562,141.49549629829846,143.3002471923828,87830100,0.0,0.0,0.0559055130504551,0.03114288984781166
2022-10-05 00:00:00-04:00,141.3091461524557,144.55571313373582,140.26944671107276,143.594482421875,79471000,0.0,0.0,0.04330211167999365,-0.009357843829006618
2022-10-06 00:00:00-04:00,143.0157891213956,144.71263233032042,142.43709909152813,142.64306640625,68402200,0.0,0.0,0.029893753526116118,-0.04503866817511204
2022-10-07 00:00:00-04:00,139.80842665549343,140.35770766147775,136.77764549427565,137.40538024902344,85925600,0.0,0.0,-0.016854210435583328,-0.010567574743761798
2022-10-10 00:00:00-04:00,137.72906494140625,139.17089585032406,135.91452632499212,137.72906494140625,74899000,0.0,0.0,-0.011848561740279262,-0.009041001917526437
2022-10-11 00:00:00-04:00,137.21904887976436,138.64127407342733,135.57125040118655,136.31668090820312,77033700,0.0,0.0,-0.021365499470953564,0.005406636705042267
2022-10-12 00:00:00-04:00,136.46383432846753,137.67025945099226,135.51242139642648,135.68896484375,70433700,0.0,0.0,-0.01692315992142912,-0.023466147698198214
2022-10-13 00:00:00-04:00,132.40316808901153,140.83835578471064,131.79503908177543,140.24986267089844,113224000,0.0,0.0,0.020447779935178767,0.02883832358782623
2022-10-14 00:00:00-04:00,141.54453406151188,141.75051634248345,135.5418185741853,135.72817993164062,88598000,0.0,0.0,-0.03202967413816071,0.08359844237523606
2022-10-17 00:00:00-04:00,138.36665154683308,140.16156968133146,137.5819791306435,139.68096923828125,85250900,0.0,0.0,-0.011267328764534068,0.042946070692448046
2022-10-18 00:00:00-04:00,142.7019309504816,143.88873492707052,137.91544326382163,140.99526977539062,99136600,0.0,0.0,-0.01360955456039259,0.04548797621194023
2022-10-19 00:00:00-04:00,138.974750883936,142.1722730567363,138.78838952105372,141.10316467285156,61758300,0.0,0.0,-0.027519961299922957,0.03598517064966922
2022-10-20 00:00:00-04:00,140.2792461483292,143.09424222902763,139.9163264513743,140.64215087890625,64522000,0.0,0.0,-0.033944290453837844,0.0528631273703164
2022-10-21 00:00:00-04:00,140.13212478208789,145.0167019837592,139.916339525803,144.44781494140625,86548600,0.0,0.0,-0.00926389807106165,0.029000799870533278
2022-10-24 00:00:00-04:00,144.36937374781388,147.35111109163424,143.20217553886908,146.5860595703125,75981900,0.0,0.0,0.010743483753889782,-0.00799247272518322
2022-10-25 00:00:00-04:00,147.2137868289863,149.5678040506047,146.49778017936205,149.42066955566406,74732300,0.0,0.0,0.030635419895372884,-0.01254346085390623
2022-10-26 00:00:00-04:00,148.06712385627637,149.07738452163943,145.20306734701933,146.48797607421875,88194300,0.0,0.0,0.005805660912272748,0.013194363138572918
2022-10-27 00:00:00-04:00,145.23253325315713,146.1937492661754,141.3680333052635,142.0251922607422,109180200,0.0,0.0,-0.021757207577517867,0.02455552424358043
2022-10-28 00:00:00-04:00,145.36000606754794,154.48179100593666,144.98729827273644,152.75552368164062,164762400,0.0,0.0,0.0264976417488485,-0.07243332474943032
2022-10-31 00:00:00-04:00,150.22496108445085,151.2842665764986,149.0087181195706,150.40150451660156,97943200,0.0,0.0,0.029367540340435427,-0.0778390321398219
2022-11-01 00:00:00-04:00,152.10814502054632,152.4710497811702,146.27217011734126,147.76303100585938,80379300,0.0,0.0,0.01701231173484863,-0.01576106812636946
2022-11-02 00:00:00-04:00,146.0956258102425,149.25392123210702,142.2213237765035,142.25074768066406,93604600,0.0,0.0,-0.02784515423426792,0.02431245974141172
2022-11-03 00:00:00-04:00,139.33766635298934,140.0634909361085,136.09109910411752,136.21861267089844,97918500,0.0,0.0,-0.0781025020728493,0.0660654494684405
2022-11-04 00:00:00-04:00,139.59827074317496,140.16810151754257,132.0234836201314,135.95333862304688,140814800,0.23,0.0,-0.07666761937785538,0.05961848015642923
2022-11-07 00:00:00-05:00,134.70559929239224,136.70981865595215,133.29084915754692,136.48385620117188,83374600,0.0,0.0,-0.07637339619296246,0.028721779360656008
2022-11-08 00:00:00-05:00,137.94774130575934,138.9498435557623,135.0789489012502,137.05369567871094,89908500,0.0,0.0,-0.06733829336513797,0.01032259027019844
2022-11-09 00:00:00-05:00,136.07121539704306,136.12034157773797,132.22977893126608,132.50486755371094,74917800,0.0,0.0,-0.10050564866822853,0.05768531636756502
2022-11-10 00:00:00-05:00,138.7631733571785,144.29443359375,137.05368118428237,144.29443359375,118854000,0.0,0.0,-0.00133581451894893,-0.032069015109216115
2022-11-11 00:00:00-05:00,143.26289458275522,147.37940577392345,141.83830991998155,147.07484436035156,93979700,0.0,0.0,0.01825134791284655,-0.034802940687937434
2022-11-14 00:00:00-05:00,146.3576203774582,147.64464544159856,144.84461786588682,145.67971801757812,73374100,0.0,0.0,-0.0056631980238379676,-0.01895034662279238
2022-11-15 00:00:00-05:00,149.5506380930854,150.89660867721872,145.95481705312972,147.4088592529297,89868300,0.0,0.0,0.006071575039527044,-0.04552114690339215
2022-11-16 00:00:00-05:00,146.51483522710427,147.2418488642614,144.70709039322372,146.1807861328125,64218300,0.0,0.0,-0.00891665317476864,-0.0825997296062757
2022-11-17 00:00:00-05:00,143.86215701114332,148.82360185357618,143.58706836561342,148.07693481445312,80389400,0.0,0.0,-0.01234782757374131,-0.10755051590159892
2022-11-18 00:00:00-05:00,149.63903422199823,150.022194440957,147.3400729082456,148.6369171142578,74829600,0.0,0.0,-0.03611796067317896,-0.12505773237003048
2022-11-21 00:00:00-05:00,147.52678083863384,147.73308985978306,145.12956655626695,145.4144744873047,58724100,0.0,0.0,-0.07275580067449328,-0.10614149197844291
2022-11-22 00:00:00-05:00,145.53237828985053,147.78221396265934,144.35340964940343,147.54641723632812,51804100,0.0,0.0,-0.06190771391955363,-0.09808232024441133
2022-11-23 00:00:00-05:00,146.82919031011303,149.1674586072914,146.72111870836432,148.42079162597656,58301400,0.0,0.0,-0.058628369329431385,-0.12471037806989993
2022-11-25 00:00:00-05:00,145.70918504900035,146.2691965387926,144.5400508786952,145.5126953125,35195900,0.0,0.0,-0.08009387435040316,-0.1097156974598168
2022-11-28 00:00:00-05:00,142.5947981424062,144.06849387144769,140.8656672171658,141.69093322753906,69246000,0.0,0.0,-0.07495048677420824,-0.09839134933910787
2022-11-29 00:00:00-05:00,141.75967888062996,142.2705641956943,137.88878454429147,138.69439697265625,83763800,0.0,0.0,-0.1138958979203819,-0.1071755951608212
2022-11-30 00:00:00-05:00,138.92038744793726,146.1120302873751,138.08530213977906,145.4341278076172,111380900,0.0,0.0,-0.09927909599522344,-0.12443429039306919
2022-12-01 00:00:00-05:00,145.61097586517099,146.51484082101652,144.0390276864429,145.70921325683594,71250400,0.0,0.0,-0.09467266400740404,-0.12392960917454965
2022-12-02 00:00:00-05:00,143.40040769964443,145.4046270438478,143.09583136119605,145.21795654296875,65447400,0.0,0.0,-0.09216024371342457,-0.15384600027487638
2022-12-05 00:00:00-05:00,145.17867816271277,148.27343309869434,143.21375058654476,144.0586700439453,68826400,0.0,0.0,-0.0887232918367965,-0.13823900975200898
2022-12-06 00:00:00-05:00,144.49096870660432,144.71693119940028,139.431270776129,140.40391540527344,64727200,0.0,0.0,-0.13053801221091121,-0.12518384208854394
2022-12-07 00:00:00-05:00,139.69652452502783,140.85582456681212,137.54492649061714,138.46844482421875,69721100,0.0,0.0,-0.17187751953505181,-0.08031797967705268
2022-12-08 00:00:00-05:00,139.86354485762612,141.0032064446931,138.62564588690643,140.14845275878906,62128300,0.0,0.0,-0.18050103740381906,-0.0876269724366503
2022-12-09 00:00:00-05:00,139.84388950557997,143.01725827820258,138.42913927736055,139.66705322265625,76097000,0.0,0.0,-0.1808829677866456,-0.08040230651071423
2022-12-12 00:00:00-05:00,140.1975885864345,141.9660265170688,138.58634846990296,141.95620727539062,70462700,0.0,0.0,-0.19014433998045355,-0.0761295900934319
2022-12-13 00:00:00-05:00,146.87836551906,147.34012479055724,141.7106103631851,142.91903686523438,93886200,0.0,0.0,-0.16743870884645407,-0.08290387004873412
2022-12-14 00:00:00-05:00,142.8011107216781,144.0881358235322,138.68458524913544,140.69863891601562,82291200,0.0,0.0,-0.17374430465565927,-0.05900447530405628
2022-12-15 00:00:00-05:00,138.63545090272245,139.3133532425607,133.6445335943197,134.10629272460938,98931900,0.0,0.0,-0.23428782317785724,-0.004102498751250128
2022-12-16 00:00:00-05:00,134.29296269794702,135.23611943482993,131.38486361161162,132.15118408203125,160156900,0.0,0.0,-0.21461353179425635,0.005203991381719231
2022-12-19 00:00:00-05:00,132.74067737544078,132.82909551472687,129.01714637272462,130.04872131347656,79592600,0.0,0.0,-0.22205073148219479,0.021908105400608502
2022-12-20 00:00:00-05:00,129.08591954394805,130.91330283228723,127.6122238272619,129.97996520996094,77432800,0.0,0.0,-0.21609508859363502,0.042101144503400745
2022-12-21 00:00:00-05:00,130.64803543949063,134.41087369361549,130.42207295695286,133.07472229003906,85928000,0.0,0.0,-0.21246240741369504,0.04178652327636678
2022-12-22 00:00:00-05:00,131.99401195090732,132.20032094511618,128.0150307307424,129.9111785888672,77852100,0.0,0.0,-0.24278398272159896,0.07789464213583996
2022-12-23 00:00:00-05:00,128.62415014924704,130.0978457490201,127.3665977700706,129.54766845703125,63814900,0.0,0.0,-0.24764411253884833,0.07583795875541632
2022-12-27 00:00:00-05:00,129.07610329036513,129.1055760060844,126.46274589439432,127.74977111816406,69007800,0.0,0.0,-0.2747480002792826,0.10712919374086338
2022-12-28 00:00:00-05:00,127.39608344761355,128.73223486036684,123.66272537894751,123.82974243164062,85438400,0.0,0.0,-0.29292483616993525,0.15780686520015386
2022-12-29 00:00:00-05:00,125.74554124055933,128.19187403447657,125.49010604619004,127.3371353149414,75703700,0.0,0.0,-0.27326219950274533,0.10330992197699107
2022-12-30 00:00:00-05:00,126.15819306959533,127.67118088033511,125.19537514897438,127.65152740478516,77034200,0.0,0.0,-0.2666436613561013,0.11052078227582274
2023-01-03 00:00:00-05:00,127.99539057563403,128.60451337209517,121.99253578697103,122.87675476074219,112117500,0.0,0.0,-0.2915700911246156,0.162788681921471
2023-01-04 00:00:00-05:00,124.66484683178275,126.40381217640663,122.88658952629491,124.1441421508789,89113600,0.0,0.0,-0.30172297631324896,0.19357347896095956
2023-01-05 00:00:00-05:00,124.90061292758642,125.52938912334946,122.57217865426507,122.8276138305664,80962700,0.0,0.0,-0.3002471675226065,0.23580231415591069
2023-01-06 00:00:00-05:00,123.80025205121024,128.0051879622661,122.69989001665523,127.34693908691406,87754700,0.0,0.0,-0.25467477678132877,0.17057579438973502
2023-01-09 00:00:00-05:00,128.18206378964481,131.07050999919576,127.61223293955845,127.86766815185547,70790800,0.0,0.0,-0.23892226021484542,0.1882443486587695
2023-01-10 00:00:00-05:00,127.97574077291436,128.95820466182693,125.87326865028986,128.4375,63896200,0.0,0.0,-0.23628544209045954,0.16208965366484196
2023-01-11 00:00:00-05:00,128.9484144016718,131.16877789281833,128.172274351121,131.14913940429688,69458900,0.0,0.0,-0.22025184760609784,0.13019654473129116
2023-01-12 00:00:00-05:00,131.5322547782573,131.90558081812333,129.13504077259947,131.07049560546875,71379600,0.0,0.0,-0.233583153711179,0.1336523770651734
2023-01-13 00:00:00-05:00,129.71466811603167,132.55398732492168,129.3511613806362,132.39678955078125,57809700,0.0,0.0,-0.22781255848636683,0.14340267261174566
2023-01-17 00:00:00-05:00,132.4655864864573,134.88243886666353,131.77786487384603,133.55612182617188,63646600,0.0,0.0,-0.2059411162903867,0.12868836183071486
2023-01-18 00:00:00-05:00,134.4206645548957,136.17926764063154,132.66204647795638,132.83889770507812,69672800,0.0,0.0,-0.21422146211330617,0.15055968884860893
2023-01-19 00:00:00-05:00,131.72870843866633,133.86065244378065,131.42414715096476,132.89784240722656,58280400,0.0,0.0,-0.19873349817563057,0.1380552455206574
2023-01-20 00:00:00-05:00,132.90769302903612,135.59964906296133,131.86628386729487,135.4522705078125,80223600,0.0,0.0,-0.1657931787311373,0.10816661034133146
2023-01-23 00:00:00-05:00,135.6978804326285,140.806703627411,135.4817372209474,138.6354522705078,81760300,0.0,0.0,-0.13726232159817042,0.05383544291397846
2023-01-24 00:00:00-05:00,137.84949253259393,140.64952034187644,137.83967329148908,140.0305633544922,66435100,0.0,0.0,-0.11731295432632938,0.046357633935026676
2023-01-25 00:00:00-05:00,138.41930821894437,139.93229570032543,136.37578195167205,139.37229919433594,65799300,0.0,0.0,-0.11716795995105034,0.054758956822729576
2023-01-26 00:00:00-05:00,140.65934626942868,141.72040901629467,139.41161299424252,141.4355010986328,54105100,0.0,0.0,-0.09378205855820576,0.02065860210848558
2023-01-27 00:00:00-05:00,140.64951214628343,144.64813175929368,140.57091324840124,143.3709259033203,70555800,0.0,0.0,-0.08086336241598269,0.015184403249184797
2023-01-30 00:00:00-05:00,142.41796049282078,142.99761054282715,140.34496125408572,140.49232482910156,64015300,0.0,0.0,-0.09665908364216325,0.03241317627688023
2023-01-31 00:00:00-05:00,140.19756045993424,141.8088002532181,139.78492752410364,141.75967407226562,65874500,0.0,0.0,-0.1479635287572656,0.008606769036556328
2023-02-01 00:00:00-05:00,141.44531098955775,144.03901475780756,138.84178798038548,142.87969970703125,77663600,0.0,0.0,-0.16309615037764402,0.004832671989597248
2023-02-02 00:00:00-05:00,146.28881248443847,148.5288281161462,145.57161831064525,148.17515563964844,118339000,0.0,0.0,-0.1312335744325127,0.002921693325796726
2023-02-03 00:00:00-05:00,145.43410775063012,154.62014981197694,145.23761799882098,151.7906494140625,154357300,0.0,0.0,-0.11626095506606171,-0.002816214155720864
2023-02-06 00:00:00-05:00,149.89452545981646,150.41523013113607,148.13590667152536,149.06924438476562,69858300,0.0,0.0,-0.1173473190697446,0.0006687205624253956
2023-02-07 00:00:00-05:00,147.9983592694092,152.5078649107581,147.9983592694092,151.9380340576172,83322600,0.0,0.0,-0.09884796309311628,-0.010000892802355943
2023-02-08 00:00:00-05:00,151.18152542311802,151.8692470443083,148.51904208604415,149.25588989257812,64120100,0.0,0.0,-0.1109909604338003,-0.007241223705569011
2023-02-09 00:00:00-05:00,151.0832773681269,151.62363543992853,147.782198500911,148.22430419921875,56007100,0.0,0.0,-0.13314340001345704,-0.014206156292734584
2023-02-10 00:00:00-05:00,147.06324691592152,148.913088785703,146.82709018156558,148.58837890625,57450700,0.23,0.0,-0.13816212951630413,-0.003575724017363946
2023-02-13 00:00:00-05:00,148.52933886882354,151.78625678187208,148.49982115470684,151.38284301757812,62199000,0.0,0.0,-0.10073214768548133,-0.008190080340480965
2023-02-14 00:00:00-05:00,149.68055772689488,151.3041068890254,148.4407688328002,150.7432403564453,61707600,0.0,0.0,-0.0860528335009979,-0.0013706701687369316
2023-02-15 00:00:00-05:00,150.65468023132328,153.00635283510616,150.42837278798947,152.83908081054688,65573800,0.0,0.0,-0.07466292484117054,0.003347888705612867
2023-02-16 00:00:00-05:00,151.0482818929642,153.82306709582505,150.8908590911332,151.24508666992188,68167900,0.0,0.0,-0.10503433636865078,0.008392556172832188
2023-02-17 00:00:00-05:00,149.90689371085574,150.54646418705764,148.43094798353164,150.1036834716797,59144100,0.0,0.0,-0.11055290830413556,0.03179290437975468
2023-02-21 00:00:00-05:00,147.79137232815333,148.87373860585663,146.0300835825423,146.0989532470703,58867200,0.0,0.0,-0.11546983033097658,0.07273700667203431
2023-02-22 00:00:00-05:00,146.4826819914061,147.54536466728035,144.80011234851025,146.5220489501953,51011300,0.0,0.0,-0.10453047030836327,0.05990219807010044
2023-02-23 00:00:00-05:00,147.6831183102613,147.92910925221886,144.8788305804024,147.00418090820312,48394200,0.0,0.0,-0.08529086772583827,0.06378843574457549
2023-02-24 00:00:00-05:00,144.75094042273577,144.8296593421339,143.38323110315275,144.35736083984375,55469600,0.0,0.0,-0.07791114398969978,0.09229061907675229
2023-02-27 00:00:00-05:00,145.3413038601465,146.7778826433076,145.08546365545737,145.5479278564453,44998500,0.0,0.0,-0.08555927956639697,0.07003794780151318
2023-02-28 00:00:00-05:00,144.69189970203135,146.68934528974674,144.47542643511753,145.04612731933594,50547000,0.0,0.0,-0.100376250880862,0.0694659007717755
2023-03-01 00:00:00-05:00,144.47539591550134,144.8689754008769,142.68457472462396,142.97976684570312,55479000,0.0,0.0,-0.1146424043558475,0.10639346225241786
2023-03-02 00:00:00-05:00,142.0647267151534,144.3573646302391,141.59241318636302,143.5701904296875,52238100,0.0,0.0,-0.10052738888965362,0.11274048210779952
2023-03-03 00:00:00-05:00,145.6660203114201,148.68679692265323,144.96741429678426,148.6080780029297,70732300,0.0,0.0,-0.08774676937718018,0.0918359750857849
2023-03-06 00:00:00-05:00,151.32380747304748,153.7935665673354,150.9991125857975,151.36317443847656,87558000,0.0,0.0,-0.06898943068508234,0.08021825578641861
2023-03-07 00:00:00-05:00,151.2352451910372,151.55995507278075,148.70646582947896,149.16893005371094,56182000,0.0,0.0,-0.065279422213396,0.09254623726528455
2023-03-08 00:00:00-05:00,150.3594826497808,151.0089022608483,149.39520247867964,150.41851806640625,47204800,0.0,0.0,-0.03455090947517947,0.07123699054193278
2023-03-09 00:00:00-05:00,151.09746808583355,152.0617483379844,147.8208670608722,148.1750946044922,53833600,0.0,0.0,-0.037714508251832424,0.09343264403571983
2023-03-10 00:00:00-05:00,147.8011910673905,148.51948035027368,145.24287949222287,146.1186065673828,68572400,0.0,0.0,-0.08315718119558779,0.09111125290034106
2023-03-13 00:00:00-04:00,145.43971996424668,150.6842500131036,145.33148332105827,148.05706787109375,84457100,0.0,0.0,-0.04503199164696725,0.06865127607062016
2023-03-14 00:00:00-04:00,148.85401542944305,150.94001350209345,147.69294556307145,150.14300537109375,73695900,0.0,0.0,-0.00785676668959201,0.049216892423930236
2023-03-15 00:00:00-04:00,148.76548332238644,150.7924462663543,147.51584514285557,150.53662109375,77167900,0.0,0.0,0.021887751497836394,0.08216232456154571
2023-03-16 00:00:00-04:00,149.71994010489203,153.9509875803486,149.20827470890512,153.35076904296875,76161100,0.0,0.0,0.01098778172996484,0.06005773534636227
2023-03-17 00:00:00-04:00,153.57710247425993,154.2265223157517,151.80596427660015,152.51441955566406,98944600,0.0,0.0,-0.02287744216240506,0.06599987894171044
2023-03-20 00:00:00-04:00,152.5832927983786,155.28919358755078,151.6780327765039,154.87591552734375,73641400,0.0,0.0,-0.014110913381866541,0.0576238420137718
2023-03-21 00:00:00-04:00,154.7971931327365,156.84382463636302,154.02968755125636,156.7257537841797,73938300,0.0,0.0,-0.022777981329114905,0.052423485171468664
2023-03-22 00:00:00-04:00,156.74547004618515,159.53992423566484,155.27935826386764,155.29904174804688,75701800,0.0,0.0,-0.03987104545106357,0.05588258932931467
2023-03-23 00:00:00-04:00,156.28296029217628,158.95934282613845,155.15139299961646,156.38134765625,67622100,0.0,0.0,-0.052880650449781075,0.03831895999925061
2023-03-24 00:00:00-04:00,156.31248202721346,157.76874417421377,155.3186840441415,157.68019104003906,59196500,0.0,0.0,-0.052812886775540746,0.031700560368865816
2023-03-27 00:00:00-04:00,157.37518971960662,158.19188156427322,155.33837722493854,155.74180603027344,52390300,0.0,0.0,-0.08520224025043999,0.03468537072970235
2023-03-28 00:00:00-04:00,155.43676283008696,155.94842821050446,153.47866946121147,155.12188720703125,45992200,0.0,0.0,-0.09223333394053101,0.03875657727255022
2023-03-29 00:00:00-04:00,156.81432081388166,158.4673879613573,156.79465234617297,158.19187927246094,51305700,0.0,0.0,-0.07890714443226066,0.047521317825157894
2023-03-30 00:00:00-04:00,158.93967116064357,159.86459953343115,158.68384597812414,159.75636291503906,49501700,0.0,0.0,-0.0872624034730396,0.045085036542747314
2023-03-31 00:00:00-04:00,159.83510289651463,162.35404815041076,159.31360321570477,162.25564575195312,68749800,0.0,0.0,-0.06677774965500849,0.028441299106435114
2023-04-03 00:00:00-04:00,161.63573905142377,163.62333513475417,161.58653785817188,163.50526428222656,56976200,0.0,0.0,-0.042571447411520635,0.014262448881202872
2023-04-04 00:00:00-04:00,163.92839947620809,164.16454121432164,162.46228779099377,162.9739532470703,46278300,0.0,0.0,-0.044040084104945754,0.010988083977199636
2023-04-05 00:00:00-04:00,162.09817579458004,162.40320212135714,159.20532028473036,161.13388061523438,51511700,0.0,0.0,-0.07670945979205646,0.012396508735263989
2023-04-06 00:00:00-04:00,159.8252353547828,162.31467762112032,159.40213812085784,162.0194854736328,45390100,0.0,0.0,-0.05371034333528124,0.054111612529123665
2023-04-10 00:00:00-04:00,158.8314373555464,159.43165588378906,157.51292944566782,159.43165588378906,47716900,0.0,0.0,-0.051320858258242286,0.07078940323852789
2023-04-11 00:00:00-04:00,159.74652133194326,159.7563555644006,157.93601661540757,158.22137451171875,47644200,0.0,0.0,-0.060217962956484405,0.06822148988214716
2023-04-12 00:00:00-04:00,158.63461193618548,159.4611377523383,157.21770195758472,157.53257751464844,50133100,0.0,0.0,-0.05303185956621681,0.08407258582020338
2023-04-13 00:00:00-04:00,159.0380889195549,163.14121655398105,158.83144989570576,162.90505981445312,68445600,0.0,0.0,0.004904537257013342,0.04946841303968674
2023-04-14 00:00:00-04:00,161.9506011686896,163.65286938363687,161.19295983913122,162.5606689453125,49386500,0.0,0.0,-0.008643495073681451,0.045994039935510767
2023-04-17 00:00:00-04:00,162.44259843625022,162.73779061232008,161.39959909302152,162.58035278320312,41516200,0.0,0.0,-0.024466379603171218,0.04283714126484561
2023-04-18 00:00:00-04:00,163.43639900098648,164.7253892225956,162.99360326395418,163.8004608154297,49923000,0.0,0.0,0.01324010430264444,0.035069312248814155
2023-04-19 00:00:00-04:00,163.1412083770297,165.46336364998885,162.8853681685066,164.94186401367188,47720200,0.0,0.0,0.02166022160672676,0.03161024012847813
2023-04-20 00:00:00-04:00,163.4265370188754,165.17799130758831,162.9050374280842,163.97755432128906,52456400,0.0,0.0,0.0015502620319356453,0.05185813748617796
2023-04-21 00:00:00-04:00,162.4032359760057,163.78077935638615,161.85221862385353,162.37371826171875,58337300,0.0,0.0,-0.007237587652393129,0.06291519739460982
2023-04-24 00:00:00-04:00,162.35403159020615,162.9444158925364,161.26183114076272,162.67874145507812,41949600,0.0,0.0,-0.0005315466864860285,0.05510765370947701
2023-04-25 00:00:00-04:00,162.54099521393778,163.6430299514636,161.10440134757968,161.14376831054688,48714100,0.0,0.0,0.018369716360887134,0.04901560670401395
2023-04-26 00:00:00-04:00,160.4451090686258,162.6295095550799,160.18928392676938,161.13388061523438,45498800,0.0,0.0,0.011493013177482636,0.050792087552449905
2023-04-27 00:00:00-04:00,162.54100085037314,165.85695442572842,162.54100085037314,165.70936584472656,64902300,0.0,0.0,0.08054973874604077,0.02861620918516139
2023-04-28 00:00:00-04:00,165.7880799666726,167.12627144742981,165.18786139778672,166.958984375,55275900,0.0,0.0,0.09029745211861107,0.03531742056900211
2023-05-01 00:00:00-04:00,166.56538074727197,167.71661652166532,165.93564455408003,166.8704071044922,52472900,0.0,0.0,0.04263826302258744,0.04690875171303199
2023-05-02 00:00:00-04:00,167.3623966257795,167.6182368189597,164.85328597063295,165.83724975585938,48425700,0.0,0.0,0.07555307314096571,0.05313392790599458
2023-05-03 00:00:00-04:00,166.7818533947913,168.17908009941613,164.47938185396285,164.7647247314453,65136000,0.0,0.0,0.06650017654800511,0.07697280825810582
2023-05-04 00:00:00-04:00,162.24581661627295,164.36133312270948,161.6751157183002,163.13137817382812,81235400,0.0,0.0,0.045863523480471846,0.09295061686592199
2023-05-05 00:00:00-04:00,168.23814318555767,171.50491053581004,168.02166992672903,170.78662109375,113453200,0.0,0.0,0.05180989809088987,0.03605680573861192
2023-05-08 00:00:00-04:00,169.71408033203093,171.06212101363838,169.35001851271124,170.7177276611328,55962800,0.0,0.0,0.11342062038392964,0.03433907836652628
2023-05-09 00:00:00-04:00,170.27494492179522,170.7570775926942,168.84820036158354,169.01547241210938,45326900,0.0,0.0,0.09713270201093493,0.03665331178399711
2023-05-10 00:00:00-04:00,170.24541483030967,171.23921282792068,169.14336520388548,170.77674865722656,53724500,0.0,0.0,0.1466213114339261,0.04182853415713428
2023-05-11 00:00:00-04:00,171.06211698775132,171.79024060925457,169.40904995436452,170.96371459960938,49514700,0.0,0.0,0.12967463878833807,0.04293708171111077
2023-05-12 00:00:00-04:00,171.0720697527437,171.50561502670146,168.4905238476374,170.03749084472656,45533100,0.24,0.0,0.18498594317678885,0.06501718433856563
2023-05-15 00:00:00-04:00,170.61883064941935,170.66809989196608,168.95362948142878,169.54483032226562,37266700,0.0,0.0,0.21420770616568885,0.06532220831244606
2023-05-16 00:00:00-04:00,169.46600254116325,170.5991199454283,169.27878844040285,169.54483032226562,42110300,0.0,0.0,0.17665304265576287,0.06904166842913839
2023-05-17 00:00:00-04:00,169.1901019966857,170.3921842356942,167.91902478069315,170.1557159423828,57951600,0.0,0.0,0.19363156019293215,0.07713253806162057
2023-05-18 00:00:00-04:00,170.46120584790356,172.66833901247392,170.04737119858373,172.4811248779297,65496700,0.0,0.0,0.1799468217587359,0.0563839011270888
2023-05-19 00:00:00-04:00,173.80143807257875,173.80143807257875,172.3727201425523,172.58949279785156,55809500,0.0,0.0,0.25128465811223566,0.05623418274086989
2023-05-22 00:00:00-04:00,171.42681253611994,172.14611049896482,170.90459157041087,171.64358520507812,43570900,0.0,0.0,0.2758657845153498,0.056027584725670154
2023-05-23 00:00:00-04:00,170.58929510312979,170.83562631420236,168.7664381272472,169.04232788085938,50747300,0.0,0.0,0.25433852594736983,0.08999772348934743
2023-05-24 00:00:00-04:00,168.57921320123526,169.8896969643689,168.01758589409968,169.31820678710938,45143500,0.0,0.0,0.2079243940586748,0.08635933440983501
2023-05-25 00:00:00-04:00,169.8798495430277,171.3479738482291,169.17041449607095,170.4513397216797,56058300,0.0,0.0,0.23983281395691347,0.07098696330462406
2023-05-26 00:00:00-04:00,170.77652387763237,173.19056694623742,170.5695990272421,172.8555450439453,54835000,0.0,0.0,0.25588917299474767,0.07199436877381271
2023-05-30 00:00:00-04:00,174.36308277683443,176.36329091292328,173.978806707213,174.69808959960938,55964400,0.0,0.0,0.24049721676711577,0.0673998651761627
2023-05-31 00:00:00-04:00,174.72766202276017,176.71802248155805,174.16601962684186,174.64883422851562,99625300,0.0,0.0,0.19158235329942586,0.06961907203227469
2023-06-01 00:00:00-04:00,175.0922027756249,177.47668683522244,174.33349851829678,177.44712829589844,68901800,0.0,0.0,0.2171819036275222,0.0770725352400321
2023-06-02 00:00:00-04:00,178.37336820267623,179.11236188910445,176.62933889294345,178.29454040527344,61996900,0.0,0.0,0.2240635368066728,0.0636086763292647
2023-06-05 00:00:00-04:00,179.949884959394,182.2358308287415,175.4272324012079,176.94464111328125,121946500,0.0,0.0,0.19471164743107372,0.06543041005346217
2023-06-06 00:00:00-04:00,177.32885832625723,177.47665099302986,174.8261255799393,176.58001708984375,64848400,0.0,0.0,0.2400609510419971,0.07030880854948363
2023-06-07 00:00:00-04:00,175.8213457350109,178.55069942371495,174.71778685793004,175.21044921875,61944600,0.0,0.0,0.22404379040871159,0.07232025661105079
2023-06-08 00:00:00-04:00,175.2892595209165,178.1861165677113,174.85572927872582,177.9200897216797,50214900,0.0,0.0,0.22149278266536498,0.04452576210074444
2023-06-09 00:00:00-04:00,178.83646640490514,179.5557493602978,177.97923856717878,178.3043975830078,48900000,0.0,0.0,0.23033622687780841,0.0393457384314404
2023-06-12 00:00:00-04:00,178.60984190485868,181.19138823156914,178.31424143935143,181.0928497314453,54274900,0.0,0.0,0.2961822144955799,0.03253721888615546
2023-06-13 00:00:00-04:00,180.1173628493618,181.44754220802452,179.76264534674598,180.619873046875,54929100,0.0,0.0,0.3447428140901725,0.03944140391095652
2023-06-14 00:00:00-04:00,180.67899811094975,181.68403358526143,179.34881869349235,181.25048828125,57462900,0.0,0.0,0.4031572607085485,0.036640694664076934
2023-06-15 00:00:00-04:00,181.26035439367692,183.78278344228747,181.08298811392547,183.28025817871094,65433200,0.0,0.0,0.409466146928845,0.042900964121332485
2023-06-16 00:00:00-04:00,183.98971928038128,184.245913383536,181.56582838117956,182.20628356933594,101256200,0.0,0.0,0.3735817659916474,0.04764229272231946
2023-06-20 00:00:00-04:00,181.70373606119196,183.3689372512462,181.70373606119196,182.294921875,49799100,0.0,0.0,0.4309912310031969,0.05453758638238604
2023-06-21 00:00:00-04:00,182.1865534203878,182.68907870149724,179.91045548906328,181.26036071777344,49515700,0.0,0.0,0.4066466602636387,0.04984780385752119
2023-06-22 00:00:00-04:00,181.04359886716716,184.30502181445038,180.9746189088309,184.25575256347656,51245300,0.0,0.0,0.38453432171217683,0.026417128729228967
2023-06-23 00:00:00-04:00,182.82700770116728,184.807505007212,182.29492392440986,183.94041442871094,53117000,0.0,0.0,0.38747409143937883,0.03251564802132667
2023-06-26 00:00:00-04:00,184.0882672784463,185.290364953315,182.51174130111704,182.55116271972656,48088700,0.0,0.0,0.347915608532255,0.04506901851964695
2023-06-27 00:00:00-04:00,183.1620179856705,185.6253298715582,182.94524533692336,185.3001708984375,50730800,0.0,0.0,0.33547175994607015,0.03424454488500839
2023-06-28 00:00:00-04:00,185.17208134019785,187.11317238738192,184.84693738882143,186.47271728515625,51216800,0.0,0.0,0.34392238672691633,0.020977562943326644
2023-06-29 00:00:00-04:00,186.3052137668684,187.2806907250245,186.16726889716722,186.80772399902344,46347300,0.0,0.0,0.3876751733427759,0.032913105034367174
2023-06-30 00:00:00-04:00,188.81777221441135,191.62593851624817,188.45319186108497,191.12342834472656,85213200,0.0,0.0,0.40148120714242164,0.012785633108231886
2023-07-03 00:00:00-04:00,190.93624105216273,191.0347795474039,188.9458807202263,189.6356201171875,31458200,0.0,0.0,0.41610050380660835,0.01636712702647891
2023-07-05 00:00:00-04:00,188.75868490984942,190.1479814937267,187.82261429340878,188.52220153808594,46920300,0.0,0.0,0.3853920034285534,0.0065333111128935695
2023-07-06 00:00:00-04:00,187.05405664400223,189.20207252866174,186.42344937265386,188.99514770507812,45094300,0.0,0.0,0.3630640693660194,-0.0033366742058322796
2023-07-07 00:00:00-04:00,188.6010117511895,189.8425155087971,187.44818361165477,187.8817138671875,46815000,0.0,0.0,0.34213921430729655,-0.04557348094081903
2023-07-10 00:00:00-04:00,186.48257243692333,187.20187038994513,184.29515010539157,185.8421173095703,59922200,0.0,0.0,0.2964550915566564,-0.05174701866249176
2023-07-11 00:00:00-04:00,186.3840685065736,186.52201339622226,183.8616390759319,185.31991577148438,46638100,0.0,0.0,0.28674588150236957,-0.04402399777490984
2023-07-12 00:00:00-04:00,186.8964167558296,188.88677723101014,185.70418206587038,186.985107421875,60750200,0.0,0.0,0.3177551702045156,-0.06102124845441448
2023-07-13 00:00:00-04:00,187.7043680387378,188.38424453327508,186.99493300399138,187.7437744140625,41342300,0.0,0.0,0.3141214609889189,-0.06597038225692253
2023-07-14 00:00:00-04:00,187.43837595165127,188.37443172170228,186.84718995550332,187.89163208007812,41616200,0.0,0.0,0.31850106112554255,-0.0663903016372216
2023-07-17 00:00:00-04:00,189.08381775872684,191.46831693797242,188.9951421376018,191.14315795898438,50520200,0.0,0.0,0.31439588769866633,-0.07365145874135992
2023-07-18 00:00:00-04:00,190.51259538947195,191.47820968287988,189.5962353183327,190.8870086669922,48288200,0.0,0.0,0.297774876306518,-0.08279779385579711
2023-07-19 00:00:00-04:00,190.2661976064536,195.32090288181368,189.82278948215546,192.23684692382812,80507300,0.0,0.0,0.334500142152524,-0.09375466823892553
2023-07-20 00:00:00-04:00,192.22701989757815,193.58677299126168,189.67503216410122,190.29579162597656,59581200,0.0,0.0,0.2866440891578437,-0.09783585814545082
2023-07-21 00:00:00-04:00,191.25156585425083,192.10879369152832,188.42367321559357,189.12326049804688,71951700,0.0,0.0,0.261671116073219,-0.08968619815009737
2023-07-24 00:00:00-04:00,190.57167418096722,192.04966138875844,189.4286937985748,189.92135620117188,45377800,0.0,0.0,0.24815557222211693,-0.08649820522506957
2023-07-25 00:00:00-04:00,190.49282690419068,191.58653792745972,190.08884016702333,190.778564453125,37283200,0.0,0.0,0.264041318414592,-0.08341408816411988
2023-07-26 00:00:00-04:00,190.82786945588313,192.76896069007793,190.48301476563847,191.64569091796875,47471900,0.0,0.0,0.2792507969540863,-0.06753429940797906
2023-07-27 00:00:00-04:00,193.1433729163405,194.30604897209747,189.72429463258098,190.38446044921875,47460200,0.0,0.0,0.28214865174396686,-0.08592168845228942
2023-07-28 00:00:00-04:00,191.8131659299023,193.7444090416655,191.29094501886246,192.95614624023438,48291400,0.0,0.0,0.25645340120755145,-0.08670171871992527
2023-07-31 00:00:00-04:00,193.1827862905988,193.60648379116893,192.39452340931743,193.5670623779297,38824100,0.0,0.0,0.2559455041940224,-0.08153064129114473
2023-08-01 00:00:00-04:00,193.36016991822595,193.8429695122176,192.41425136889904,192.73941040039062,35175100,0.0,0.0,0.21086736727030608,-0.05746842979027611
2023-08-02 00:00:00-04:00,192.17776662675897,192.31571151477112,189.03459274742033,189.75387573242188,50389300,0.0,0.0,0.19949229696942683,-0.024284017559110027
2023-08-03 00:00:00-04:00,188.7586713954234,189.54691917513858,187.89158079590146,188.36453247070312,61235200,0.0,0.0,0.20187199304618209,-0.01593507086223045
2023-08-04 00:00:00-04:00,182.79748597555601,184.63019095429203,179.25031019901363,179.3192901611328,115956800,0.0,0.0,0.10200898514925072,0.04245197083119279
2023-08-07 00:00:00-04:00,179.45720585194456,180.44253062568194,174.74735463626894,176.225341796875,97576100,0.0,0.0,0.08508506740404309,0.06209771771039563
2023-08-08 00:00:00-04:00,177.05300588853657,177.62449604499406,174.97397007455905,177.16139221191406,67823000,0.0,0.0,0.09236619854799,0.01867094028835581
2023-08-09 00:00:00-04:00,178.21570618554995,178.2748232727554,174.41235154839882,175.57504272460938,60378500,0.0,0.0,0.08573674307831958,-0.002190069148826135
2023-08-10 00:00:00-04:00,176.84608080013524,178.0974474344709,174.99368050557445,175.35824584960938,54686900,0.0,0.0,0.08406722903101804,0.002531874011401314
2023-08-11 00:00:00-04:00,174.95373578240464,176.2363757071569,174.1940069392339,175.41744995117188,52036700,0.24,0.0,0.05675202499989429,0.008830776334145751
2023-08-14 00:00:00-04:00,175.59506357405235,177.29211207450308,174.9438673937282,177.065185546875,43675600,0.0,0.0,0.07142633569076828,-0.0176083647359081
2023-08-15 00:00:00-04:00,176.49291042563854,177.08489459113486,174.68732936330193,175.0819854736328,43622600,0.0,0.0,0.03720334637215261,-0.01825857079198645
2023-08-16 00:00:00-04:00,174.76626971305478,176.15744233651847,174.14467201512105,174.2137451171875,46964900,0.0,0.0,0.025564208563010116,-0.004700685067326016
2023-08-17 00:00:00-04:00,174.7761369036864,175.1411945839284,171.1649745274817,171.67803955078125,66062900,0.0,0.0,0.011571524786626375,0.005804503242885284
2023-08-18 00:00:00-04:00,170.0007364455324,172.76337470680727,169.6652772069575,172.16151428222656,61172200,0.0,0.0,0.005586762961768743,0.019943583038112056
2023-08-21 00:00:00-04:00,172.73378585948967,173.77963828216437,171.42153223598535,173.49349975585938,46311900,0.0,0.0,0.015694300944884665,0.018368840297377176
2023-08-22 00:00:00-04:00,174.69721483499137,175.30893640777694,173.89802631437342,174.8649444580078,42038900,0.0,0.0,0.039420327397092114,-0.009817670218253194
2023-08-23 00:00:00-04:00,176.13773826499084,179.1273031269572,175.95027131734813,178.70303344726562,52722800,0.0,0.0,0.08727403274796619,-0.03969753785216934
2023-08-24 00:00:00-04:00,178.25905172631101,178.68332143034684,173.6612333709249,174.02630615234375,54945800,0.0,0.0,0.06097244343280628,-0.009014827547385362
2023-08-25 00:00:00-04:00,175.0129348306344,176.7593040006282,173.4737548580186,176.2265167236328,51449600,0.0,0.0,0.0724622675447304,-0.01416490052411512
2023-08-28 00:00:00-04:00,177.68674410027091,178.1800717356574,176.16730160755293,177.78541564941406,43820700,0.0,0.0,0.06604107801001069,-0.04567369689937084
2023-08-29 00:00:00-04:00,177.30196426395187,182.4325690983829,177.1046362040057,181.66297912597656,53003900,0.0,0.0,0.13196590600514657,-0.07435366867232818
2023-08-30 00:00:00-04:00,182.4720614420058,185.34323241647965,182.27473336292013,185.14588928222656,60813900,0.0,0.0,0.16968168194337818,-0.0903810133758638
2023-08-31 00:00:00-04:00,185.33333184264131,186.59624944883035,184.9781353249528,185.36293029785156,60794500,0.0,0.0,0.18925489436700027,-0.08867829085495527
2023-09-01 00:00:00-04:00,186.96134589549212,187.38560051082152,185.76748618147488,186.93174743652344,45766500,0.0,0.0,0.21221214713701153,-0.08292008682890584
2023-09-05 00:00:00-04:00,185.7674844117445,187.44479564304942,185.1064270757959,187.1685333251953,45280000,0.0,0.0,0.20806136726491564,-0.09119678285432486
2023-09-06 00:00:00-04:00,185.88589107308178,186.32989809435446,179.04837565163587,180.4691619873047,81755800,0.0,0.0,0.18089443922918536,-0.050571448404600705
2023-09-07 00:00:00-04:00,172.84227669356144,175.83185624974686,171.22416252451072,175.19052124023438,112488800,0.0,0.0,0.1558490940235302,-0.014924634749103882
2023-09-08 00:00:00-04:00,175.96997548136457,177.83475336123297,175.4174358773743,175.80223083496094,65551300,0.0,0.0,0.1492498947145402,-0.003872194074058033
2023-09-11 00:00:00-04:00,177.66705421097663,177.8939807491613,174.9734739911946,176.96652221679688,58953100,0.0,0.0,0.168095150326679,-0.0020628267141060697
2023-09-12 00:00:00-04:00,177.09479044187466,177.72624932161176,172.4871113411862,173.94735717773438,90370200,0.0,0.0,0.12693587758745983,0.011854754823192648
2023-09-13 00:00:00-04:00,174.15453395453247,174.93400012779577,171.65829707262085,171.88523864746094,84267900,0.0,0.0,0.07228466319711613,0.03208766594248513
2023-09-14 00:00:00-04:00,171.67803539320033,173.75001770449512,171.26364194197464,173.3948211669922,60895800,0.0,0.0,0.14913279611554464,0.02828046703145115
2023-09-15 00:00:00-04:00,174.12492983939754,174.14466716160445,171.50043808217407,172.67454528808594,109259500,0.0,0.0,0.1335281311608878,0.02194178554503079
2023-09-18 00:00:00-04:00,174.12491003199494,176.98621921988467,173.81904932082622,175.59503173828125,67257600,0.0,0.0,0.17494120850583483,0.004214273523792
2023-09-19 00:00:00-04:00,175.1510553991506,177.23289871202428,174.7662604292434,176.6803741455078,51826900,0.0,0.0,0.19530371326977392,-0.01072206616762783
2023-09-20 00:00:00-04:00,176.86785847407558,177.3019893003594,173.05936766417838,173.14817810058594,58436200,0.0,0.0,0.14274413743174597,0.0019943707121932164
2023-09-21 00:00:00-04:00,172.22069958579337,173.94734650075085,171.53990496478352,171.6089630126953,63149100,0.0,0.0,0.11511645569821072,0.00879673037945361
2023-09-22 00:00:00-04:00,172.33909518451154,174.7169382879251,171.7273736602944,172.45748901367188,56725400,0.0,0.0,0.14381287420407718,-0.010927455195787972
2023-09-25 00:00:00-04:00,171.87536866413782,174.60840835340898,171.82603288281885,173.73028564453125,46172700,0.0,0.0,0.15964768901332071,-0.017492113714285162
2023-09-26 00:00:00-04:00,172.48713399466078,172.86205287379087,169.36929877984454,169.66529846191406,64588900,0.0,0.0,0.14990491905813408,0.008606566038787955
2023-09-27 00:00:00-04:00,170.3164478696235,170.73084132501634,166.7940959712009,168.15567016601562,66921800,0.0,0.0,0.13710327139872502,0.0039312175313628295
2023-09-28 00:00:00-04:00,167.08022534636603,169.7343308371659,165.38317681816312,168.41221618652344,56294400,0.0,0.0,0.13140896156481063,-0.022262716086698053
2023-09-29 00:00:00-04:00,169.72445084440017,170.7604419321708,168.06686209293406,168.92526245117188,51861100,0.0,0.0,0.1493971022660201,-0.01746404875000518
2023-10-02 00:00:00-04:00,168.9351141150612,171.97401410977108,168.64897565996583,171.4313507080078,52164500,0.0,0.0,0.22670339849881516,-0.01991370658905156
2023-10-03 00:00:00-04:00,169.96123409658216,171.31296207551728,168.54046313149794,170.099365234375,49594600,0.0,0.0,0.25486738693719624,-0.009454743393036313
2023-10-04 00:00:00-04:00,168.80686354725646,171.88523853747708,168.68846972057472,171.3425750732422,53020300,0.0,0.0,0.22632657478642426,0.0017851820273864227
2023-10-05 00:00:00-04:00,171.47080262455518,173.10865388928795,170.3756147373138,172.57586669921875,48527900,0.0,0.0,0.2042956664794371,0.01520822583195014
2023-10-06 00:00:00-04:00,171.48072926712837,175.61481822954005,170.8689926183437,175.12149047851562,57266700,0.0,0.0,0.21955584591346278,-0.004732955166274255
2023-10-09 00:00:00-04:00,174.45055415802327,176.66066786762835,173.45403753652568,176.60147094726562,42390800,0.0,0.0,0.23806558143037582,0.001340705876416548
2023-10-10 00:00:00-04:00,175.72333700059065,177.32171396949087,175.57532965392068,176.00946044921875,43698000,0.0,0.0,0.2809502810605531,0.019227468227880573
2023-10-11 00:00:00-04:00,175.82198018511957,177.4499705441094,175.22999600880442,177.400634765625,47551100,0.0,0.0,0.28804065315549865,0.017185859298985973
2023-10-12 00:00:00-04:00,177.6670488234186,179.90674578858014,176.6507798893927,178.2985076904297,56743100,0.0,0.0,0.3079727770843943,0.009407297630434908
2023-10-13 00:00:00-04:00,178.99902980590412,179.5022186651883,175.76280113660414,176.4633331298828,51427100,0.0,0.0,0.30049877919759904,0.04358703264355901
2023-10-16 00:00:00-04:00,174.39132507709223,176.6902337432856,174.15452238414363,176.3350372314453,52517000,0.0,0.0,0.2572920491567403,0.035382020860841745
2023-10-17 00:00:00-04:00,174.29266779074965,176.03905203817294,172.467364361049,174.78599548339844,57549400,0.0,0.0,0.28776496945165886,0.05948034771525412
2023-10-18 00:00:00-04:00,173.2369747453516,175.21028574818484,172.77324545527233,173.49349975585938,54764400,0.0,0.0,0.2420697014200801,0.07061917824604413
2023-10-19 00:00:00-04:00,173.69080766680926,175.46679037407037,172.85215962113486,173.11856079101562,59302900,0.0,0.0,0.22783240222738166,0.08263938700619411
2023-10-20 00:00:00-04:00,172.970532603774,173.07906528544774,170.33616484514565,170.57296752929688,64244000,0.0,0.0,0.20885288380860345,0.09868079118535578
2023-10-23 00:00:00-04:00,168.62926966195786,171.68789221712717,167.66233657820504,170.69137573242188,55980100,0.0,0.0,0.21365731870375182,0.10810544561580415
2023-10-24 00:00:00-04:00,170.74073901093655,171.35246060946264,169.16208417292097,171.1255340576172,43816600,0.0,0.0,0.18468759203475993,0.10061781295444638
2023-10-25 00:00:00-04:00,169.5863166088348,170.75056262830392,168.37271975850888,168.8167266845703,57157000,0.0,0.0,0.1516560795714308,0.1195911122021791
2023-10-26 00:00:00-04:00,168.0964590692853,169.09299056011605,163.45918215856796,164.66290283203125,70625300,0.0,0.0,0.10200886745919013,0.139794490919948
2023-10-27 00:00:00-04:00,164.68262749452305,166.70527372020223,164.60369326977082,165.9751434326172,58499100,0.0,0.0,0.13302912553399726,0.12971150042377055
2023-10-30 00:00:00-04:00,166.76447575317525,168.88577853365425,166.61646843152695,168.01751708984375,51131000,0.0,0.0,0.18301207282566168,0.11956584915934654
2023-10-31 00:00:00-04:00,167.09007075196132,168.619374328328,165.65940861123508,168.49111938476562,44846000,0.0,0.0,0.1030116314217202,0.11037947574738949
2023-11-01 00:00:00-04:00,168.71808481806195,171.9049777602895,167.84982318964867,171.64845275878906,56934900,0.0,0.0,0.14126818950698872,0.09329342395823037
2023-11-02 00:00:00-04:00,173.17779249286198,175.407628695078,173.1185955665897,175.200439453125,77334800,0.0,0.0,0.18568520326425642,0.07840228337799471
2023-11-03 00:00:00-04:00,171.91482054448556,174.46039296073306,171.03669795189808,174.2926483154297,79829200,0.0,0.0,0.22524943564230582,0.07375926498385676
2023-11-06 00:00:00-05:00,174.02628274488598,177.0355696443862,173.85855313497558,176.83824157714844,63841300,0.0,0.0,0.2981944105126533,0.08059376642413496
2023-11-07 00:00:00-05:00,176.78889227095914,180.00539823599848,176.58170308551922,179.3936767578125,70530000,0.0,0.0,0.31952387910981095,0.05914307566788901
2023-11-08 00:00:00-05:00,179.91662978825056,181.00194176498167,179.16676200069597,180.4494171142578,49340300,0.0,0.0,0.3221301195379651,0.06362246429097818
2023-11-09 00:00:00-05:00,180.51847829944086,181.6629871195562,179.3838155582821,179.97581481933594,53763500,0.0,0.0,0.31317739319664506,0.07432622333645189
2023-11-10 00:00:00-05:00,181.75412225306079,184.32281184408907,181.3194195461175,184.15484619140625,66133400,0.24,0.0,0.389796839853894,0.03637346036531297
2023-11-13 00:00:00-05:00,183.58184574005094,183.78930789371245,181.99123723697815,182.57412719726562,43627500,0.0,0.0,0.2652887755274691,0.05362569616599111
2023-11-14 00:00:00-05:00,185.4391901985185,185.84425545326624,184.0560589323069,185.1823272705078,60108400,0.0,0.0,0.259102656718019,0.05612457831418616
2023-11-15 00:00:00-05:00,185.5874067506803,187.21752694473682,185.51824264456812,185.74546813964844,53790500,0.0,0.0,0.27502627453765305,0.05372038069451168
2023-11-16 00:00:00-05:00,187.28665942031617,188.6599164347462,186.37772744350028,187.4249725341797,54412900,0.0,0.0,0.27146342142563396,0.0414316991914816
2023-11-17 00:00:00-05:00,187.9584954748911,188.08693448765234,186.29873780998344,187.40524291992188,50922700,0.0,0.0,0.282010090913418,0.032684893651495406
2023-11-20 00:00:00-05:00,187.6028350817968,189.59850904887813,187.592960955599,189.14404296875,46505100,0.0,0.0,0.2773362928247789,0.028675971365655917
2023-11-21 00:00:00-05:00,189.10454089065857,189.21321658430173,187.454657232623,188.34381103515625,38134500,0.0,0.0,0.26714018759132085,0.021978482253530274
2023-11-22 00:00:00-05:00,189.18354656200316,190.60618938615343,188.53149251239262,189.00570678710938,39617700,0.0,0.0,0.299772305704068,0.017615296046284534
2023-11-24 00:00:00-05:00,188.57102324664504,188.60066069963858,186.97054048498805,187.68186950683594,24048300,0.0,0.0,0.2720191585961862,0.019108255916156835
2023-11-27 00:00:00-05:00,187.63246733233092,188.37343380166539,186.6247487130357,187.5040283203125,40552600,0.0,0.0,0.2633272351277205,0.017176958437741918
2023-11-28 00:00:00-05:00,187.49414676130317,188.77849160556613,187.11871894105684,188.10667419433594,38415400,0.0,0.0,0.29271658249723154,0.014443338809592143
2023-11-29 00:00:00-05:00,188.6006511365786,189.77632029571453,186.69390474066958,187.08908081054688,43014200,0.0,0.0,0.32040262950420195,0.022231746495207982
2023-11-30 00:00:00-05:00,187.55344893712552,188.02767838165897,185.92332856217539,187.66212463378906,48794400,0.0,0.0,0.3530620467010419,0.01358233135818021
2023-12-01 00:00:00-05:00,188.0375111237308,189.2526917735191,186.95075439627809,188.93655395507812,45704800,0.0,0.0,0.299121167797745,-0.029282484635538952
2023-12-04 00:00:00-05:00,187.69172432124148,187.7608884211111,185.19219887595256,187.14834594726562,43389500,0.0,0.0,0.2843961048460715,-0.027345230972737444
2023-12-05 00:00:00-05:00,187.91897362196437,192.05849343193452,187.8893210956394,191.09030151367188,66628400,0.0,0.0,0.3158861759436058,-0.059507666273745596
2023-12-06 00:00:00-05:00,192.1079050949125,192.41416882595195,189.79609331061306,190.00357055664062,41089700,0.0,0.0,0.31893186643108495,-0.05792440680966082
2023-12-07 00:00:00-05:00,191.29776300970337,192.6512567588297,191.25823636118906,191.9300537109375,47477700,0.0,0.0,0.36698505278100524,-0.0448344962859929
2023-12-08 00:00:00-05:00,191.86091528323507,193.629363703371,191.33730018286,193.3527374267578,53406400,0.0,0.0,0.3963667871926555,-0.05400856168910473
2023-12-11 00:00:00-05:00,190.78404615931,191.15947399253523,189.11439931154695,190.8531951904297,60943700,0.0,0.0,0.3617930946330823,-0.03618403142690274
2023-12-12 00:00:00-05:00,190.75441983366463,192.37466599656702,189.41079996137955,192.3647918701172,52696900,0.0,0.0,0.37730973362379583,-0.04683885760555462
2023-12-13 00:00:00-05:00,192.74016578029781,195.6151188726379,192.50306619330016,195.5756072998047,70404200,0.0,0.0,0.3777178966214143,-0.060820255963002334
2023-12-14 00:00:00-05:00,195.63487305941916,197.21559217390634,193.79727597101643,195.72378540039062,66831600,0.0,0.0,0.3694731625217187,-0.07309077431789335
2023-12-15 00:00:00-05:00,195.1507809689053,196.01029713155143,194.6271659416612,195.1903076171875,128538400,0.0,0.0,0.38729350277296204,-0.07536558809605254
2023-12-18 00:00:00-05:00,193.7281513997374,194.26165570440122,192.04863040265064,193.5305633544922,55751900,0.0,0.0,0.4431132158124156,-0.03706156930665627
2023-12-19 00:00:00-05:00,193.7973281496765,194.57780625556214,193.53057597994234,194.56793212890625,40714100,0.0,0.0,0.47231319553013273,-0.027318047770234055
2023-12-20 00:00:00-05:00,194.5283816611859,195.2989855460905,192.4833221435547,192.4833221435547,52242800,0.0,0.0,0.4800862338321832,-0.004824811149187869
2023-12-21 00:00:00-05:00,193.73800782299358,194.7061996333918,191.16931844438724,192.33509826660156,46482500,0.0,0.0,0.47972880248056926,0.0025683717717743804
2023-12-22 00:00:00-05:00,192.82909873139974,193.0563392932213,190.64572606781581,191.2681427001953,37149600,0.0,0.0,0.43729883037683526,0.004648762432140741
2023-12-26 00:00:00-05:00,191.2780297879531,191.55465607108982,190.50742584564344,190.7247772216797,28919300,0.0,0.0,0.46811674940822967,0.005801586787909319
2023-12-27 00:00:00-05:00,190.1715235726757,191.16935301152336,188.7883770898652,190.8235626220703,48087700,0.0,0.0,0.47299881885070927,-0.0037794424081025735
2023-12-28 00:00:00-05:00,191.80165040931152,192.3153914106068,190.8433325169925,191.24839782714844,34049900,0.0,0.0,0.49705471996697637,-0.009556908978266887
2023-12-29 00:00:00-05:00,191.56450759639273,192.05848519728596,189.42064661751613,190.2110137939453,42672100,0.0,0.0,0.5360688802122804,-0.023321090909761866
2024-01-02 00:00:00-05:00,184.89582930034302,186.17030008579113,181.6751004330507,183.40402221679688,82488700,0.0,0.0,0.44030271894515227,-0.006679608897692257
2024-01-03 00:00:00-05:00,182.00109375351622,183.64110287378972,181.22060076525406,182.03073120117188,58414500,0.0,0.0,0.4259972826173035,0.014165729080169331
2024-01-04 00:00:00-05:00,179.956063262062,180.88474371487789,178.70137080560033,179.71896362304688,71983600,0.0,0.0,0.46259529699481594,0.0216589112877823
2024-01-05 00:00:00-05:00,179.79798286255345,180.55869755734878,177.99989705667167,178.9977264404297,62379700,0.0,0.0,0.4418539879464014,0.03587599987895107
2024-01-08 00:00:00-05:00,179.89676064456035,183.36449308108033,179.3138706884217,183.32496643066406,59144500,0.0,0.0,0.4925386947885373,0.020155172320514225
2024-01-09 00:00:00-05:00,181.7047275700206,182.9199083051763,180.52905841182087,182.9100341796875,42841800,0.0,0.0,0.4363127648859446,0.023063616566748824
2024-01-10 00:00:00-05:00,182.12952346414278,184.154819300754,181.70469494439152,183.94735717773438,46792900,0.0,0.0,0.43857598903953376,0.011440067144613542
2024-01-11 00:00:00-05:00,184.29319941960497,184.79706633729108,181.40837137080754,183.35464477539062,49128400,0.0,0.0,0.4275787427767639,0.01886382947206
2024-01-12 00:00:00-05:00,183.81896194364214,184.49077939116623,182.95944565085554,183.68064880371094,40477800,0.0,0.0,0.40054787730992114,0.007900183548428474
2024-01-16 00:00:00-05:00,179.96588730985002,182.04058377513337,178.75069179983012,181.41818237304688,65603000,0.0,0.0,0.38412677494657643,0.008964523254368473
2024-01-17 00:00:00-05:00,179.08666971271487,180.72666412936158,178.1283518215105,180.47967529296875,47317400,0.0,0.0,0.3631725958411185,0.009333089616125001
2024-01-18 00:00:00-05:00,183.84860201119264,186.86186875433015,183.59173905481111,186.35801696777344,78005800,0.0,0.0,0.39535361179718254,-0.024043902155044372
2024-01-19 00:00:00-05:00,187.04957995238564,189.63801803091337,186.5457281731689,189.25271606445312,68903000,0.0,0.0,0.42467845890005784,-0.04707339416550982
2024-01-22 00:00:00-05:00,189.98378136946042,192.97728431537942,189.94425472083472,191.55462646484375,60133900,0.0,0.0,0.4413674668839289,-0.06239789882269198
2024-01-23 00:00:00-05:00,192.67102493067515,193.39222799671276,191.49535584528522,192.82908630371094,42355600,0.0,0.0,0.4235943449363524,-0.0646958154731011
2024-01-24 00:00:00-05:00,193.06621990928542,194.01466361551059,191.99922639290756,192.1573028564453,53631300,0.0,0.0,0.38606178801584434,-0.050872767181644796
2024-01-25 00:00:00-05:00,192.86863967517039,193.90599578100486,190.78405333725613,191.83128356933594,54822100,0.0,0.0,0.3699243863192099,-0.05879951685729756
2024-01-26 00:00:00-05:00,191.93007928184088,192.41416772814074,189.6281416366758,190.10235595703125,44594000,0.0,0.0,0.36398952342717017,-0.05731639032092661
2024-01-29 00:00:00-05:00,189.69728055859,189.88499446653958,187.29655655692048,189.420654296875,47145600,0.0,0.0,0.33927233845467697,-0.04624705329650569
2024-01-30 00:00:00-05:00,188.64016451675863,189.48980657471878,185.21195883551243,185.77508544921875,55859400,0.0,0.0,0.29576540207665913,-0.03397416795592523
2024-01-31 00:00:00-05:00,184.78715652135838,184.84644650359252,182.12956937209933,182.178955078125,55467800,0.0,0.0,0.29671820364373724,-0.01854316173169568
2024-02-01 00:00:00-05:00,181.77390231724044,184.69824158324056,181.6059517240919,184.6093292236328,64885400,0.0,0.0,0.3022697070361735,-0.03730461409571406
2024-02-02 00:00:00-05:00,177.6936236133024,185.07365019396582,177.09097033579843,183.61148071289062,102551700,0.0,0.0,0.28507745389567707,-0.05664014163525766
2024-02-05 00:00:00-05:00,185.8837890630235,186.97054595458332,183.6016146657499,185.41944885253906,69668800,0.0,0.0,0.2513531573637495,-0.09240696468438148
2024-02-06 00:00:00-05:00,184.60929974417922,187.02978684421677,184.5203873987695,187.01991271972656,43490800,0.0,0.0,0.23209112973463752,-0.1054633131691276
2024-02-07 00:00:00-05:00,188.3437817688575,188.74884702540382,186.33823388644547,187.12860107421875,53439000,0.0,0.0,0.25531327301302587,-0.1066170295001655
2024-02-08 00:00:00-05:00,187.10883150171134,187.25701874915856,185.09340956143063,186.05172729492188,40962000,0.0,0.0,0.2245237240885205,-0.09224793460818692
2024-02-09 00:00:00-05:00,186.6155602859614,187.941120969739,185.9725760341758,186.81341552734375,45155200,0.24,0.0,0.25163178258356433,-0.08525276966339312
2024-02-12 00:00:00-05:00,186.38806813077576,186.63537211912902,184.7756412965565,185.1317596435547,41781900,0.0,0.0,0.24899732634083405,-0.07437898686988442
2024-02-13 00:00:00-05:00,183.76664838776776,184.2019058140478,181.53101071537256,183.0445098876953,56529500,0.0,0.0,0.23188981019292898,-0.07517285963118558
2024-02-14 00:00:00-05:00,183.3215042025078,183.5292310959524,180.472557481369,182.1641082763672,54630500,0.0,0.0,0.20333390921463157,-0.0605484513005069
2024-02-15 00:00:00-05:00,181.57058851615943,182.50045391335385,179.39431647047905,181.8772430419922,65434500,0.0,0.0,0.2065366421202559,-0.06113365259150394
2024-02-16 00:00:00-05:00,181.44197861733377,182.8565652037317,179.7108507918506,180.3439483642578,49752500,0.0,0.0,0.17995965042347284,-0.047117523524156546
2024-02-20 00:00:00-05:00,179.82953567385852,180.4626331892475,178.05884601330092,179.60202026367188,53665600,0.0,0.0,0.18748994904962646,-0.030182751679254993
2024-02-21 00:00:00-05:00,179.9779444437335,180.91769653606136,178.71174929095213,180.35385131835938,41371400,0.0,0.0,0.2015284844917682,-0.020019763665144574
2024-02-22 00:00:00-05:00,181.50132758611662,182.9653779737103,180.49233824441416,182.38172912597656,52292200,0.0,0.0,0.248343845541096,-0.0705104484232637
2024-02-23 00:00:00-05:00,183.0148347964746,183.04451006700117,180.2648157032703,180.55169677734375,45119700,0.0,0.0,0.2322493308752156,-0.056103644192215474
2024-02-26 00:00:00-05:00,180.27473021897956,180.78911167382452,178.70186529911302,179.2063751220703,40867400,0.0,0.0,0.21905631537089332,-0.05691112982630375
2024-02-27 00:00:00-05:00,179.1470080612827,181.93658908973126,177.62360710096542,180.66050720214844,54318900,0.0,0.0,0.25148108936807834,-0.07074421312514001
2024-02-28 00:00:00-05:00,180.5417731107642,181.14519536218177,178.18744973320082,179.46353149414062,48953900,0.0,0.0,0.233020175121603,-0.04470288289020574
2024-02-29 00:00:00-05:00,179.31517776545977,180.6011615069905,177.59393659501978,178.80078125,136682600,0.0,0.0,0.23271668506081,-0.05128628981604877
2024-03-01 00:00:00-05:00,177.61373507516265,178.58316252471684,175.46713817545924,177.72254943847656,73563100,0.0,0.0,0.24299090255382905,-0.05360126553749922
2024-03-04 00:00:00-05:00,174.25036500096815,174.9922768844708,171.91581500377694,173.21170043945312,81510100,0.0,0.0,0.20646005916027765,-0.03575107724883242
2024-03-05 00:00:00-05:00,168.91849794898403,170.1846930657021,167.7907924514621,168.285400390625,95132400,0.0,0.0,0.13241085311195122,-0.002762597254884369
2024-03-06 00:00:00-05:00,169.21525418377138,169.39332087872134,166.8609157238647,167.29617309570312,68587700,0.0,0.0,0.10526337543021547,-0.001773726591633884
2024-03-07 00:00:00-05:00,167.32588185679398,168.88884496206234,166.67301076258389,167.17750549316406,71765100,0.0,0.0,0.12072604819897026,0.003431864036118615
2024-03-08 00:00:00-05:00,167.17750030588184,171.82681238429842,167.11814976227143,168.8888397216797,76267000,0.0,0.0,0.12279287080277723,-0.01335444588188306
2024-03-11 00:00:00-04:00,171.07500788792643,172.49948126334272,170.1946063009313,170.88705444335938,60139500,0.0,0.0,0.15327784942192735,-0.017829401851230497
2024-03-12 00:00:00-04:00,171.28270784938988,172.15322257397557,169.16578666443067,171.36184692382812,59825400,0.0,0.0,0.17275856203025275,-0.031461029333850976
2024-03-13 00:00:00-04:00,170.90684419661972,171.3223130850131,168.91851047344855,169.28453063964844,52488700,0.0,0.0,0.14337351856134584,0.02284800091146466
2024-03-14 00:00:00-04:00,171.04532782778392,172.43022407386235,170.19460153541087,171.1343536376953,72913500,0.0,0.0,0.13980903216050122,0.020520333493202036
2024-03-15 00:00:00-04:00,169.32406299160928,170.7584228515625,168.45354827638914,170.7584228515625,121752700,0.0,0.0,0.13433144447435774,0.0004056001595593717
2024-03-18 00:00:00-04:00,173.67664359575858,175.79356502758816,171.64874797271588,171.84658813476562,75604200,0.0,0.0,0.1206111922830615,-0.024982556598045602
2024-03-19 00:00:00-04:00,172.45989598897214,174.70542030322298,171.16402557801365,174.18113708496094,55215200,0.0,0.0,0.1420634035287991,-0.045888200183353045
2024-03-20 00:00:00-04:00,173.82502584048726,176.7432098388672,173.2018149693641,176.7432098388672,53423100,0.0,0.0,0.14119234896572874,-0.06509213511509881
2024-03-21 00:00:00-04:00,175.1406653733646,175.57592275278003,168.9976284397713,169.52191162109375,106181300,0.0,0.0,0.08164680997186391,-0.037171006323432954
2024-03-22 00:00:00-04:00,169.90769220539175,171.18378897881232,168.22602844508845,170.42208862304688,71160100,0.0,0.0,0.0973801686396445,-0.03738097851672639
2024-03-25 00:00:00-04:00,168.7305586050563,170.08577952012527,167.6226265638577,169.00753784179688,54288300,0.0,0.0,0.08073974533907435,-0.023119736065419505
2024-03-26 00:00:00-04:00,168.16668772081567,169.5713723598813,167.7512188918725,167.87982177734375,57388400,0.0,0.0,0.06468555542728094,-0.004065651764033507
2024-03-27 00:00:00-04:00,168.57227437363676,171.72787530814264,168.27550660374618,171.4409942626953,60273300,0.0,0.0,0.10080265943089306,-0.01973324508967378
2024-03-28 00:00:00-04:00,169.8978451053126,170.37266455083602,168.67121185228598,169.63075256347656,65672700,0.0,0.0,0.09353203224688245,-0.012712782613099383
2024-04-01 00:00:00-04:00,169.3438900607447,169.40324060587884,167.6523240532299,168.19639587402344,46240500,0.0,0.0,0.06324292149239397,0.020408115128125237
2024-04-02 00:00:00-04:00,167.25661278755086,167.51380346702695,166.41577330219988,167.01919555664062,49329500,0.0,0.0,0.04546193033615853,0.008825144325159462
2024-04-03 00:00:00-04:00,166.9697692049817,168.83938692190523,166.76204228878962,167.82049560546875,47691700,0.0,0.0,0.03429680260262158,-0.002063049108388171
2024-04-04 00:00:00-04:00,168.4535689105981,170.06599565718972,166.9994354248047,166.9994354248047,53704400,0.0,0.0,0.0213703892527084,0.024937788244753678
2024-04-05 00:00:00-04:00,167.7611226870966,168.5524984345705,167.12802510796487,167.75123596191406,42104800,0.0,0.0,0.02931316704087883,0.0813775469596576
2024-04-08 00:00:00-04:00,167.20716991074772,167.37533481002382,166.4256959559663,166.6334228515625,37425500,0.0,0.0,0.03413026618194759,0.07871781920368393
2024-04-09 00:00:00-04:00,166.8806999592474,168.24582257310013,166.5344834909376,167.84024047851562,42373800,0.0,0.0,0.03592626521351394,0.07502806016739916
2024-04-10 00:00:00-04:00,166.97963118021664,167.26649712267962,165.307854051912,165.9706268310547,49709300,0.0,0.0,0.04101425724406904,0.08916451711038231
2024-04-11 00:00:00-04:00,166.5246002673459,173.5678277091418,166.34654865134516,173.15234375,91070300,0.0,0.0,0.0943675864551119,0.054444896028380096
2024-04-12 00:00:00-04:00,172.38077455594663,176.43656618963917,172.33132583138607,174.64608764648438,101670900,0.0,0.0,0.10863473702920023,0.038222877845
2024-04-15 00:00:00-04:00,173.46888692512982,174.72519524382946,170.6397290741028,170.8276824951172,73531800,0.0,0.0,0.04863337387855138,0.08015925879312702
2024-04-16 00:00:00-04:00,169.8978582518174,171.88617709786888,166.45539059048195,167.5534210205078,73711200,0.0,0.0,0.0307131614774232,0.1080658106194814
2024-04-17 00:00:00-04:00,167.78091646807817,168.80969440593617,166.1882781982422,166.1882781982422,50901200,0.0,0.0,0.022191644643865027,0.13081744490908576
2024-04-18 00:00:00-04:00,166.21794611620325,166.8213684176903,164.75391081370103,165.23861694335938,43122900,0.0,0.0,0.008779927240560204,0.1380357589076373
2024-04-19 00:00:00-04:00,164.41756936525925,164.60550769336635,162.31053482208006,163.22061157226562,68149400,0.0,0.0,-0.010435509818559896,0.15228816473222984
2024-04-22 00:00:00-04:00,163.7350029833429,165.45622881020677,162.9930911354229,164.05154418945312,48116400,0.0,0.0,0.0004512194883641296,0.15351629694021596
2024-04-23 00:00:00-04:00,163.56685559955991,165.24851961582092,163.14148491226467,165.10012817382812,49537800,0.0,0.0,0.016790955711901923,0.15404978668210978
2024-04-24 00:00:00-04:00,164.74401450706145,167.47426013692973,164.41758653276062,167.19728088378906,48251800,0.0,0.0,0.027775844515976145,0.13098386749241908
2024-04-25 00:00:00-04:00,167.7017887376114,168.7701438382538,166.33666581552853,168.0579071044922,50558300,0.0,0.0,0.04290664706698921,0.10149790586264928
2024-04-26 00:00:00-04:00,168.04802077933093,169.49226770262163,167.35555749623813,167.47427368164062,44838400,0.0,0.0,0.03934860280282226,0.12367184864892056
2024-04-29 00:00:00-04:00,171.5003643815301,174.13168243053624,171.2332869429431,171.62896728515625,68169400,0.0,0.0,0.035722793399477926,0.09652844679297679
2024-04-30 00:00:00-04:00,171.46081207960546,173.1029142716877,168.1667209693098,168.4931640625,65934800,0.0,0.0,0.009188961547910157,0.1186994492485669
2024-05-01 00:00:00-04:00,167.75125295718234,170.84750390177777,167.28632022447192,167.47427368164062,50383100,0.0,0.0,0.0036187757171965984,0.1314202219943632
2024-05-02 00:00:00-04:00,170.64963546996492,171.54982559320527,169.04711048582428,171.16403198242188,94214900,0.0,0.0,0.03212054128010711,0.11258601141832614
2024-05-03 00:00:00-04:00,184.637145231003,184.98337684032407,180.69018337477516,181.4024200439453,163224100,0.0,0.0,0.10097850337575753,0.059511175147448414
2024-05-06 00:00:00-04:00,180.383540128798,182.2135806366563,178.47434543693257,179.7504425048828,78569700,0.0,0.0,0.10187533825249662,0.07101206481255495
2024-05-07 00:00:00-04:00,181.47164781905605,182.9060078076493,179.36462828599997,180.43296813964844,77305800,0.0,0.0,0.056481865992320746,0.0753052785848114
2024-05-08 00:00:00-04:00,180.87813197889614,181.09576068278213,179.4932206728727,180.76931762695312,45057100,0.0,0.0,0.05887841938578453,0.06568782815552221
2024-05-09 00:00:00-04:00,180.59127127419717,182.6686309202814,180.1461270912472,182.57960510253906,48983000,0.0,0.0,0.08025379272588928,0.06819643781971507
2024-05-10 00:00:00-04:00,183.1540861312051,183.34229448527321,180.4102525825865,181.32156372070312,50759500,0.25,0.0,0.06174619874419518,0.05501237472744891
2024-05-13 00:00:00-04:00,183.68903799374417,185.33336754370364,182.87677335531396,184.52110290527344,72044800,0.0,0.0,0.07929979959440492,0.11203540957307156
2024-05-14 00:00:00-04:00,185.7394637127145,186.52201273815805,184.53098214319476,185.66021728515625,52393600,0.0,0.0,0.09187812853987554,0.13679776859990467
2024-05-15 00:00:00-04:00,186.13569714479723,188.84981551266446,185.60078753373725,187.92860412597656,70400000,0.0,0.0,0.10843016427435526,0.12924305759726162
2024-05-16 00:00:00-04:00,188.67151097089564,189.29556710780693,187.86916171755817,188.04745483398438,52845200,0.0,0.0,0.10913116298827585,0.11931114540406851
2024-05-17 00:00:00-04:00,187.72057759120682,189.00830557822601,187.39369174809892,188.07717895507812,41282900,0.0,0.0,0.10532389648763707,0.14114907998863524
2024-05-20 00:00:00-04:00,187.54228461702792,190.10782534306233,187.22529890901677,189.2361297607422,44361300,0.0,0.0,0.09714109236399371,0.12170221707708229
2024-05-21 00:00:00-04:00,189.28565540299905,190.91016932460286,189.11726241831752,190.5337677001953,42309400,0.0,0.0,0.10397084209153618,0.09009619021526771
2024-05-22 00:00:00-04:00,190.45450146899057,190.999311136132,188.47338639917342,189.09742736816406,34648500,0.0,0.0,0.10168653924486759,0.08690438370558651
2024-05-23 00:00:00-04:00,189.1767103485156,189.19652573516206,184.86779330766728,185.1154327392578,51005900,0.0,0.0,0.09508331469338693,0.11376279960187041
2024-05-24 00:00:00-04:00,187.0370913918068,188.7804673088457,186.26444256610336,188.18612670898438,36327000,0.0,0.0,0.11143467840761145,0.10048442523882728
2024-05-28 00:00:00-04:00,189.70168159973719,191.1776178733189,187.31444925751387,188.196044921875,52280100,0.0,0.0,0.10410422839251154,0.12242743733873351
2024-05-29 00:00:00-04:00,187.81963788738682,190.43470949642946,187.72057607583483,188.4932098388672,53068000,0.0,0.0,0.09046666562502392,0.12512495860347816
2024-05-30 00:00:00-04:00,188.9587855239753,190.36537567482878,188.8300232981759,189.48377990722656,49889100,0.0,0.0,0.0846356725566062,0.10105049851389225
2024-05-31 00:00:00-04:00,189.63235836586054,190.7516933437122,188.11680637508078,190.43470764160156,75158300,0.0,0.0,0.09038636577688952,0.1274381468629553
2024-06-03 00:00:00-04:00,191.07855630297723,193.14883318833753,190.7021546904014,192.19789123535156,50080500,0.0,0.0,0.08312765092966612,0.13523690800190957
2024-06-04 00:00:00-04:00,192.80214765697744,193.47573474401025,191.20734917579057,192.514892578125,47471400,0.0,0.0,0.07975764227288118,0.13995356614304133
2024-06-05 00:00:00-04:00,193.5549597642067,195.04079624688396,193.02996541617088,194.02052307128906,54156800,0.0,0.0,0.096504092187091,0.15556231380249774
2024-06-06 00:00:00-04:00,193.84224299284628,194.64459232913165,192.33659102362645,192.64366149902344,41181800,0.0,0.0,0.09097090754616088,0.17143142289226332
2024-06-07 00:00:00-04:00,192.81202934049514,195.08041469163098,192.30685040959915,195.0308837890625,53103900,0.0,0.0,0.11312358742695028,0.16146077500496037
2024-06-10 00:00:00-04:00,195.04080033594326,195.43703247512377,190.33565137548777,191.29649353027344,97010200,0.0,0.0,0.07518208780986146,0.20640016233798608
2024-06-11 00:00:00-04:00,191.82147267998263,205.20391549352811,191.8016724106265,205.19400024414062,172373300,0.0,0.0,0.15080728812992183,0.09857607241860511
2024-06-12 00:00:00-04:00,205.41193016487838,218.1207863262847,204.94636687125956,211.05812072753906,198134300,0.0,0.0,0.1654691007432445,0.08199174300286183
2024-06-13 00:00:00-04:00,212.71235034689784,214.70336573665497,209.60200000148347,212.21707153320312,97862700,0.0,0.0,0.17493755229319596,0.09410011232498916
2024-06-14 00:00:00-04:00,211.8307711431916,213.13829945342002,209.30484597389386,210.48361206054688,70122700,0.0,0.0,0.16128576566334685,0.10508730664231636
2024-06-17 00:00:00-04:00,211.35525683635151,216.8825697066646,210.71140048317466,214.6240997314453,93728300,0.0,0.0,0.17101591772187463,0.05635306835361864
2024-06-18 00:00:00-04:00,215.5354294813442,216.5656178731208,210.98877362098574,212.26658630371094,79943300,0.0,0.0,0.16497950644460624,0.046152343203842205
2024-06-20 00:00:00-04:00,211.91000456307782,212.21709015086526,206.8779846754286,207.70013427734375,86172500,0.0,0.0,0.1393632479777147,0.0697729534796041
2024-06-21 00:00:00-04:00,208.40343403997312,209.8892705909824,205.15440599094305,205.53082275390625,241805100,0.0,0.0,0.13389834346585294,0.07937723483607773
2024-06-24 00:00:00-04:00,205.75865018980198,210.69162338847192,204.63931513285507,206.1746826171875,80727000,0.0,0.0,0.11895927127789307,0.08105106741749335
2024-06-25 00:00:00-04:00,207.1751328027417,209.3840873125504,206.64023830581658,207.0959014892578,55549700,0.0,0.0,0.12588580455504594,0.04529562812674137
2024-06-26 00:00:00-04:00,209.5029286499739,212.8312027309874,208.65104852463386,211.2364044189453,66213200,0.0,0.0,0.15713535466908857,0.019882777508058114
2024-06-27 00:00:00-04:00,212.66284034706985,213.70292898101007,210.34493889866226,212.0784149169922,49772700,0.0,0.0,0.1445127864087712,0.018028932198393743
2024-06-28 00:00:00-04:00,213.73259038682784,214.02976065195506,208.31423979513158,208.63121032714844,82542700,0.0,0.0,0.11882967848914405,0.03617913010852525
2024-07-01 00:00:00-04:00,210.08735196554287,215.45617219578955,209.91895899194967,214.70335388183594,60402900,0.0,0.0,0.1493280325119657,0.009458098292783435
2024-07-02 00:00:00-04:00,214.10903193760322,218.29910171758146,213.068958487467,218.1901397705078,58046200,0.0,0.0,0.14161901374519825,0.008217320151624019
2024-07-03 00:00:00-04:00,217.92267103394255,219.45803833007812,216.96182895702523,219.45803833007812,37369800,0.0,0.0,0.15726169057512251,-0.014398638002191877
2024-07-05 00:00:00-04:00,219.55708698216947,224.3117665065084,219.55708698216947,224.2028045654297,60412400,0.0,0.0,0.18926472710502185,-0.028629540360251338
2024-07-08 00:00:00-04:00,224.94572057418634,225.69855401964364,221.14198303770854,225.66883850097656,59085900,0.0,0.0,0.19404567387691207,-0.08142381117653397
2024-07-09 00:00:00-04:00,225.77780318070188,227.23392416937492,224.23253562897796,226.52072143554688,48076100,0.0,0.0,0.20565603098379803,-0.09379928761109102
2024-07-10 00:00:00-04:00,227.1348758928893,230.87918266211804,227.08534498663496,230.78012084960938,62627700,0.0,0.0,0.24180742336885164,-0.09940767260545635
2024-07-11 00:00:00-04:00,229.2051413563895,230.19569903805672,223.63821202212716,225.4212188720703,64710600,0.0,0.0,0.2163896035331374,-0.06266216437123828
2024-07-12 00:00:00-04:00,226.7584454352943,230.44332094014862,226.5207061684713,228.36314392089844,53046500,0.0,0.0,0.2212905459131913,-0.06202810141676396
2024-07-15 00:00:00-04:00,234.2470836578572,234.99000194235262,230.88909361652622,232.1867218017578,62631300,0.0,0.0,0.23672128424177674,-0.07089676930881161
2024-07-16 00:00:00-04:00,232.78106107648213,234.03907359612094,230.13627381333595,232.60276794433594,43234300,0.0,0.0,0.23796235824489642,-0.056613172980194304
2024-07-17 00:00:00-04:00,227.28343626123907,229.27446669281912,224.49997184852458,226.7188262939453,57345900,0.0,0.0,0.18612054292100155,-0.030161435620424837
2024-07-18 00:00:00-04:00,228.10559381010606,228.2640866473074,220.1712331922365,222.0631866455078,66034600,0.0,0.0,0.16332268076400824,0.0035691970931619466
2024-07-19 00:00:00-04:00,222.6971801635164,224.65848009632384,221.1717129043359,222.19198608398438,49151500,0.0,0.0,0.15582412861789008,0.008923485881402682
2024-07-22 00:00:00-04:00,224.86647978572938,225.62921338494564,220.98349573063444,221.8452911376953,48201800,0.0,0.0,0.16579189293754215,0.00978502224350164
2024-07-23 00:00:00-04:00,222.25140445670337,224.7971447504236,220.57735968997056,222.88536071777344,39960300,0.0,0.0,0.17851902579733303,0.007831579552701307
2024-07-24 00:00:00-04:00,221.88489130573666,222.67734036905603,215.07976577070053,216.4764404296875,61777600,0.0,0.0,0.1398214753710345,0.03716515119475572
2024-07-25 00:00:00-04:00,216.86276105080302,218.7646448818125,212.59346035218633,215.43637084960938,51391200,0.0,0.0,0.12924830662798548,0.03356430607108041
2024-07-26 00:00:00-04:00,216.6349653026102,217.41751434744816,213.97036267942912,215.90196228027344,41601300,0.0,0.0,0.12656831075156938,0.0419460228246511
2024-07-29 00:00:00-04:00,214.91139345300462,217.22929471632008,213.71281205128278,216.17930603027344,36311800,0.0,0.0,0.13548818806004892,0.04216896851511209
2024-07-30 00:00:00-04:00,217.12035622559256,218.2495914590453,214.07933666984098,216.73403930664062,41643800,0.0,0.0,0.12322951888146783,0.04339088426670967
2024-07-31 00:00:00-04:00,219.34912161561857,221.70665401595326,218.54677221609964,219.9830780029297,50036300,0.0,0.0,0.13646957958903205,0.02103814775680979
2024-08-01 00:00:00-04:00,222.25138675562792,222.36034868782315,214.9707980252656,216.2981414794922,62501000,0.0,0.0,0.12223100107114271,0.05356290142406017
2024-08-02 00:00:00-04:00,217.08067881945357,223.4697870434651,215.6542886583774,217.7839813232422,105568600,0.0,0.0,0.147718224371588,0.04277756731369009
2024-08-05 00:00:00-04:00,197.210135996183,211.48407659683002,194.14931622004067,207.2940216064453,119548600,0.0,0.0,0.10049391404767949,0.06574217673750016
2024-08-06 00:00:00-04:00,203.3614702980554,208.00718767754023,199.1714160471065,205.2732391357422,69660500,0.0,0.0,0.14473595646786053,0.06695772407605949
2024-08-07 00:00:00-04:00,204.9463646139573,211.62272838414273,204.441185671316,207.83880615234375,63516400,0.0,0.0,0.17939227146971737,0.06108770594417834
2024-08-08 00:00:00-04:00,211.0977289070064,212.1774330540979,206.85814362500793,211.29583740234375,47161100,0.0,0.0,0.1926742884792827,0.03640524155868308
2024-08-09 00:00:00-04:00,210.09730322074367,214.73310620037486,209.9685258775167,214.19821166992188,42201600,0.0,0.0,0.21998097420880702,0.022778741294688487
2024-08-12 00:00:00-04:00,214.27755355785243,217.68900361003634,213.81145133020567,215.72543334960938,38028100,0.25,0.0,0.23019839930777874,0.011860346976633185
2024-08-13 00:00:00-04:00,217.19312608520667,220.04923895369578,217.19312608520667,219.43438720703125,44155300,0.0,0.0,0.25092678788861456,0.006281964378744842
2024-08-14 00:00:00-04:00,218.7402072098891,221.17979111862692,217.8774142480331,219.8806610107422,41960600,0.0,0.0,0.24180628920151293,0.004735845326253374
2024-08-15 00:00:00-04:00,222.73677426147512,223.48055242779947,220.9120269929499,222.85577392578125,46414000,0.0,0.0,0.27286524266280465,-0.009878962629157106
2024-08-16 00:00:00-04:00,222.06237857544772,224.94824111633486,221.79461423345728,224.17471313476562,44340200,0.0,0.0,0.2867797141033339,-0.04304341948692281
2024-08-19 00:00:00-04:00,223.84746435464618,224.11522871504155,221.18968933533225,224.01605224609375,40687800,0.0,0.0,0.30486143033938395,-0.04028501647967364
2024-08-20 00:00:00-04:00,223.8970537532744,225.28543353253482,223.57970115675508,224.6309051513672,30299000,0.0,0.0,0.3047684094084284,-0.02569407239564192
2024-08-21 00:00:00-04:00,224.64083485973637,226.08871448701353,223.1830285060583,224.52182006835938,34765500,0.0,0.0,0.29412237567578736,0.010909891369339508
2024-08-22 00:00:00-04:00,225.90029338876204,226.4457337259973,222.04256465043304,222.66734313964844,43695300,0.0,0.0,0.27336753418361637,0.016345265692971678
2024-08-23 00:00:00-04:00,223.78798715352852,226.32674764036014,222.4690186706249,224.95819091796875,38677300,0.0,0.0,0.258838121426477,-0.001631230304025122
2024-08-26 00:00:00-04:00,224.87885041051024,225.39454085782168,222.0326640536948,225.2953643798828,30602200,0.0,0.0,0.29460522010194135,0.0008363045012593773
2024-08-27 00:00:00-04:00,224.1251624880706,226.95152567852384,223.02437015551794,226.13832092285156,35934600,0.0,0.0,0.283225278052184,-0.007279860779216163
2024-08-28 00:00:00-04:00,226.0292444010517,227.953153182598,223.80782130021973,224.61111450195312,38052200,0.0,0.0,0.2633832403040164,0.0045475870635240945
2024-08-29 00:00:00-04:00,228.19113851748892,230.98773644426686,226.98125820388418,227.88369750976562,51906300,0.0,0.0,0.25443113729703115,-0.008703488667178294
2024-08-30 00:00:00-04:00,228.28038060324323,228.4886300006117,225.59285569982603,227.10025024414062,52990800,0.0,0.0,0.22660163357967433,0.017467162060524233
2024-09-03 00:00:00-04:00,226.6540317316226,227.10029566172162,219.335248802052,220.92198181152344,50190600,0.0,0.0,0.1918347506512419,0.015441822313506437
2024-09-04 00:00:00-04:00,219.82114598403248,219.94014563997789,215.67581475954933,219.0178680419922,43840200,0.0,0.0,0.17164618126925846,0.02685076972220468
2024-09-05 00:00:00-04:00,219.79142381839864,223.60947620664672,219.68233574260833,220.5352020263672,36615400,0.0,0.0,0.1782707173496898,0.014794442259199458
2024-09-06 00:00:00-04:00,222.0921370424939,223.37144384512357,217.9468210396507,218.9881134033203,48423000,0.0,0.0,0.21343785825705375,0.027080943211578168
2024-09-09 00:00:00-04:00,218.98812757352732,219.4343914347755,214.91222272734436,219.07737731933594,67180000,0.0,0.0,0.2505093070584601,0.003530848607918413
2024-09-10 00:00:00-04:00,217.10388142289187,219.6426417511051,214.9320468059923,218.2840118408203,51591000,0.0,0.0,0.2416452897332133,0.02571437578977709
2024-09-11 00:00:00-04:00,219.6228241682371,221.2392917639212,216.08243282408242,220.8128662109375,44587100,0.0,0.0,0.2477663201202862,0.030898975011871777
2024-09-12 00:00:00-04:00,220.65421740058105,221.6955099922837,217.99645701175496,220.92198181152344,37455600,0.0,0.0,0.27005080960092864,0.02814541691683914
2024-09-13 00:00:00-04:00,221.72523244234597,222.18140791181287,220.06908820245332,220.65419006347656,36766600,0.0,0.0,0.28372972455209733,0.022696611451391346
2024-09-16 00:00:00-04:00,214.74362792854853,215.4179946756504,212.14536768072225,214.5254669189453,59357400,0.0,0.0,0.23720804044280674,0.06924925214136479
2024-09-17 00:00:00-04:00,213.96019610771708,215.10064996456288,212.72056577105593,214.99156188964844,45519300,0.0,0.0,0.24506806449648866,0.07869365728280542
2024-09-18 00:00:00-04:00,215.74527154351298,220.86246931704028,215.73534481599032,218.85922241210938,59894900,0.0,0.0,0.24638618898006182,0.05025141604101413
2024-09-19 00:00:00-04:00,223.12352684243388,227.91345980340301,222.7665127356472,226.97132873535156,66781300,0.0,0.0,0.28464369533441136,0.014331291870750773
2024-09-20 00:00:00-04:00,228.06222073119503,231.15633305592988,225.7317097608303,226.30690002441406,318679900,0.0,0.0,0.307012886343782,0.029798434373261573
2024-09-23 00:00:00-04:00,225.45401003818398,227.54650632766106,223.93670395169437,224.5912322998047,54146000,0.0,0.0,0.30873835700055974,0.044200241446133104
2024-09-24 00:00:00-04:00,226.75316007712865,227.44736512534206,223.85738561877668,225.48377990722656,43556100,0.0,0.0,0.3074745619736521,0.03733996151531005
2024-09-25 00:00:00-04:00,223.06400902085235,225.40443143928672,222.16156973744518,224.4920654296875,42308700,0.0,0.0,0.29218728097310387,0.019393145006712853
2024-09-26 00:00:00-04:00,225.4143769570366,226.60441901953834,223.54005654723983,225.63255310058594,36636700,0.0,0.0,0.32986860098109716,0.013405373821900213
2024-09-27 00:00:00-04:00,226.5647695239617,227.61597365379234,225.41438891191032,225.9003143310547,34026000,0.0,0.0,0.34339992286926346,0.015891746641230498
2024-09-30 00:00:00-04:00,228.13159642889974,231.06704711914062,227.74483244888117,231.06704711914062,54541900,0.0,0.0,0.37203257786967425,0.0017168750879106298
2024-10-01 00:00:00-04:00,227.6159583693189,227.74486962890148,221.88390914906273,224.3334197998047,63285000,0.0,0.0,0.32800397373749024,0.03297815284607486
2024-10-02 00:00:00-04:00,224.01605029183685,225.48376819979168,221.16986421787885,224.89866638183594,32880600,0.0,0.0,0.3118876182974075,0.014639772049030109
2024-10-03 00:00:00-04:00,223.2722952944607,224.92843958391967,221.46740141968138,223.7978973388672,34044200,0.0,0.0,0.31568919749055224,0.0010633525919969689
2024-10-04 00:00:00-04:00,226.00938361911108,226.10856009308668,222.27066963907552,224.91851806640625,37245100,0.0,0.0,0.3126831902127212,-0.017151664896005947
2024-10-07 00:00:00-04:00,222.63759275105315,223.81772316941647,219.49389225502094,219.8509063720703,39505400,0.0,0.0,0.2739377212878027,0.0014433498709653936
2024-10-08 00:00:00-04:00,222.4392426471427,224.10529834651464,221.39795026893304,223.8970489501953,31855700,0.0,0.0,0.27852411681970923,-0.010275931474798772
2024-10-09 00:00:00-04:00,223.36151510273743,227.84402197002447,222.96483950692257,227.63575744628906,33591100,0.0,0.0,0.2889799627674823,-0.029711421588076492
2024-10-10 00:00:00-04:00,225.89038125247495,227.59611368544336,225.28544108575701,227.13992309570312,28183500,0.0,0.0,0.29049837728032957,-0.006811035613571659
2024-10-11 00:00:00-04:00,227.39777482080956,227.5068628874906,225.4540279414576,225.66229248046875,31759200,0.0,0.0,0.2720489573140774,-0.001495503010209509
2024-10-14 00:00:00-04:00,226.80275797652766,229.80762063057296,226.70359663127624,229.38119506835938,39882100,0.0,0.0,0.2865009249915982,-0.029499905738985754
2024-10-15 00:00:00-04:00,231.67201972311165,235.51983687729248,230.44230106244424,231.9100341796875,64751400,0.0,0.0,0.31421089053664253,-0.0400826241823512
2024-10-16 00:00:00-04:00,229.67870875165642,230.19438406287304,227.9332995992129,229.85720825195312,34082200,0.0,0.0,0.3035254471308404,-0.027665637142836985
2024-10-17 00:00:00-04:00,231.49350124327563,231.91003031839952,228.60765355789445,230.22412109375,32993800,0.0,0.0,0.31717715974342586,-0.015847064362808805
2024-10-18 00:00:00-04:00,234.2206950473064,234.2206950473064,232.0686987091599,233.0504913330078,46431500,0.0,0.0,0.3432808241286114,-0.04149989029801682
2024-10-21 00:00:00-04:00,232.5050605584077,234.8851598599691,232.5050605584077,234.51821899414062,36254500,0.0,0.0,0.35466825695972104,-0.03471394367998826
2024-10-22 00:00:00-04:00,231.9496772340994,234.26034966164363,230.67038557078126,233.90333557128906,38846600,0.0,0.0,0.3712802149092871,-0.031072818482559494
2024-10-23 00:00:00-04:00,232.13813805749322,233.18934216580075,225.8705597881939,228.84567260742188,52287000,0.0,0.0,0.34069850703039317,-0.006535232566745597
2024-10-24 00:00:00-04:00,228.07212485007065,228.90516786821388,226.51515714412935,228.65724182128906,31109500,0.0,0.0,0.3361959282143201,-0.007800587790112168
2024-10-25 00:00:00-04:00,227.83412074973037,231.28524701350278,227.665532857223,229.49026489257812,38802300,0.0,0.0,0.3594047781851306,-0.005562014681771976
2024-10-28 00:00:00-04:00,231.38443735420992,232.78272881287972,230.62082086290692,231.46376037597656,36087100,0.0,0.0,0.4056824967557344,-0.001173165983803126
2024-10-29 00:00:00-04:00,231.1662580738538,232.38605001867157,230.3927299983884,231.7315216064453,35417200,0.0,0.0,0.396182083737882,0.0070552916597006465
2024-10-30 00:00:00-04:00,230.68030356750913,231.53316974412917,227.64569128136466,228.19113159179688,47070900,0.0,0.0,0.3581389342265817,0.02211413456100253
2024-10-31 00:00:00-04:00,227.43741116025222,227.92335160936318,223.50034473329782,224.03587341308594,64370100,0.0,0.0,0.32965983151597755,0.05170702503641267
2024-11-01 00:00:00-04:00,219.13688241025088,223.4805517303345,218.44269248362247,221.060791015625,65276700,0.0,0.0,0.28786940670110894,0.07601094465274749
2024-11-04 00:00:00-05:00,219.15670083339904,220.94175615916865,217.88732075932978,220.16822814941406,44944500,0.0,0.0,0.25666481680441344,0.0941713340788255
2024-11-05 00:00:00-05:00,219.9599923572388,222.09215031274817,219.3054639601429,221.59629821777344,28111300,0.0,0.0,0.2714035867808664,0.0887329243826922
2024-11-06 00:00:00-05:00,220.76328741365683,224.19459083458287,219.35506917081855,220.87237548828125,54561100,0.0,0.0,0.2490079833321699,0.09243616551798084
2024-11-07 00:00:00-05:00,222.7665171269793,225.9895557457087,222.7070172967094,225.59286499023438,42137700,0.0,0.0,0.2575296357562944,0.0686968893135993
2024-11-08 00:00:00-05:00,225.53329235935942,227.01256271730918,224.77877343219782,225.32481384277344,38328800,0.25,0.0,0.2486868477945885,0.08719596757258308
2024-11-11 00:00:00-05:00,223.37892800863307,224.07388164377818,219.90414468405433,222.61447143554688,42005600,0.0,0.0,0.23691325781196015,0.10498145828075467
2024-11-12 00:00:00-05:00,222.9321731823864,223.96467356190874,221.75074442821315,222.61447143554688,40398300,0.0,0.0,0.2088439486635425,0.09927315034852335
2024-11-13 00:00:00-05:00,222.39605879884869,225.01703765642938,221.15506473467502,223.49806213378906,48566200,0.0,0.0,0.2241496950567723,0.10145714847695131
2024-11-14 00:00:00-05:00,223.398802697962,227.22105551450989,223.3789425502784,226.57574462890625,44923900,0.0,0.0,0.2235279033832014,0.08724038761742636
2024-11-15 00:00:00-05:00,224.76882873863602,225.28508648780175,222.65418524957263,223.37892150878906,47923700,0.0,0.0,0.20260765307526518,0.11573339847278863
2024-11-18 00:00:00-05:00,223.62711979019133,228.08477571151616,223.54769435597734,226.37716674804688,44633700,0.0,0.0,0.20782819752988724,0.11165693596068005
2024-11-19 00:00:00-05:00,225.34466282087314,228.50175961033486,225.02697621656037,226.6352996826172,36211800,0.0,0.0,0.20933276012698476,0.08660424374684017
2024-11-20 00:00:00-05:00,226.4168829534927,228.27340522879027,224.26251907255318,227.35011291503906,35169600,0.0,0.0,0.20199457168524937,0.09078609201833854
2024-11-21 00:00:00-05:00,227.230987838277,228.50176458087773,224.0838286281757,226.8735809326172,42108300,0.0,0.0,0.20457146792186864,0.11364433815181152
2024-11-22 00:00:00-05:00,226.4168797117104,229.05771868234922,226.4168797117104,228.21383666992188,38168300,0.0,0.0,0.20744415895851986,0.11049735688598372
2024-11-25 00:00:00-05:00,229.79238523732437,231.56948199204686,228.0847762696763,231.1922149658203,90152800,0.0,0.0,0.23183030717519348,0.10877328734950331
2024-11-26 00:00:00-05:00,231.6489234928732,233.87279036398945,231.6489234928732,233.366455078125,45986200,0.0,0.0,0.2445943544181668,0.10193133159460133
2024-11-27 00:00:00-05:00,232.78070364946953,233.99191506726265,232.12545514826604,233.2373809814453,33498400,0.0,0.0,0.2399208161029105,0.08794117541229585
2024-11-29 00:00:00-05:00,233.11825362062933,236.0966394139658,232.28430923421996,235.62010192871094,28481400,0.0,0.0,0.25940060696170897,0.06265529884567012
2024-12-02 00:00:00-05:00,235.5605532676808,239.0551819380818,235.45134517492735,237.86383056640625,48137100,0.0,0.0,0.26751112421103995,0.04520213560589359
2024-12-03 00:00:00-05:00,238.08222901174219,241.01097200063165,237.17878168890522,240.90176391601562,38861000,0.0,0.0,0.27504053013104524,0.00494554698082772
2024-12-04 00:00:00-05:00,241.12019505186365,242.35126670496282,239.5118714775545,241.25918579101562,44383900,0.0,0.0,0.28913341215955635,0.001440185104674807
2024-12-05 00:00:00-05:00,242.23213863223197,242.77816394602775,240.38553870781277,241.28897094726562,40033900,0.0,0.0,0.2626960606370816,0.008064508989184649
2024-12-06 00:00:00-05:00,241.15989600483465,242.86750503393802,240.33587413565135,241.09039306640625,36870600,0.0,0.0,0.2688729604401645,-0.002594160796450695
2024-12-09 00:00:00-05:00,240.08767817050534,245.45870413211114,240.0082527322972,244.97222900390625,44649200,0.0,0.0,0.2763620093227017,-0.01641340434146188
2024-12-10 00:00:00-05:00,245.11119868483894,246.42169557945553,243.57236314301568,245.98486328125,36914800,0.0,0.0,0.27220781332061184,-0.04407300998259145
2024-12-11 00:00:00-05:00,246.17352158557497,248.9930565140259,244.48575750906295,244.714111328125,45205800,0.0,0.0,0.28221123614909316,-0.04904865969836858
2024-12-12 00:00:00-05:00,245.11123992691697,246.94791735826738,243.90995090472455,246.1735382080078,32777500,0.0,0.0,0.27972242641065925,-0.05920315145839683
2024-12-13 00:00:00-05:00,246.03453629863122,247.4939314395242,244.46591792091505,246.34230041503906,33155300,0.0,0.0,0.2595757917673871,-0.04134935889713076
2024-12-16 00:00:00-05:00,246.2033097230519,249.56888515433104,245.86574781090837,249.2313232421875,51694800,0.0,0.0,0.2733829091458502,-0.09074256882612208
2024-12-17 00:00:00-05:00,248.27824960945253,252.00123197197036,247.98040799068028,251.65374755859375,51356400,0.0,0.0,0.28927378941450255,-0.09270954222495476
2024-12-18 00:00:00-05:00,250.34326772719038,252.4479889260113,245.95511429725673,246.26287841796875,56774100,0.0,0.0,0.2724753865718159,-0.10243908514262645
2024-12-19 00:00:00-05:00,245.71684652457995,250.18442555229956,245.3097967996626,247.99034118652344,60882300,0.0,0.0,0.27456944457950794,-0.10392729149944668
2024-12-20 00:00:00-05:00,246.2529371403228,253.16279902630112,243.919877297432,252.65647888183594,147495300,0.0,0.0,0.3126149116098689,-0.1211442499876948
2024-12-23 00:00:00-05:00,252.93446477293034,253.80811434244586,251.6239676953758,253.4308624267578,40858800,0.0,0.0,0.31765270463256545,-0.12727706231227998
2024-12-24 00:00:00-05:00,253.64927033575188,256.34965954757746,253.45069916161225,256.3397521972656,23234700,0.0,0.0,0.3402114360417421,-0.10975987235796913
2024-12-26 00:00:00-05:00,256.32980188696064,258.2260444048055,255.77383898408218,257.15380859375,27237100,0.0,0.0,0.34829785799073054,-0.0801481911170775
2024-12-27 00:00:00-05:00,255.9724022209019,256.8361595932908,251.23677948504655,253.74855041503906,42355300,0.0,0.0,0.329754810822775,-0.06350013665338416
2024-12-30 00:00:00-05:00,250.41273247360002,251.67358663649517,248.94339979921563,250.38294982910156,35557500,0.0,0.0,0.3092028622137757,-0.05793012254117336
2024-12-31 00:00:00-05:00,250.62123433005314,251.45517870098834,247.63291094425557,248.61578369140625,39480700,0.0,0.0,0.30705251358751795,-0.057583234908321734
2025-01-02 00:00:00-05:00,247.13654201152733,247.305330553937,240.07778153574023,242.09315490722656,55740700,0.0,0.0,0.3199991580394832,-0.0649581424013651
2025-01-03 00:00:00-05:00,241.6066436767578,242.42072787413275,240.14723350152744,241.6066436767578,40244100,0.0,0.0,0.32728491547806526,-0.04339244077892712
2025-01-06 00:00:00-05:00,242.5498168429892,245.54806288478193,241.4478134561986,243.23484802246094,45045600,0.0,0.0,0.35341782035109004,-0.05114286823759073
2025-01-07 00:00:00-05:00,241.22940732447114,243.78089861816605,239.61116122247878,240.4649658203125,40856000,0.0,0.0,0.3433967604071164,-0.03711662179950237
2025-01-08 00:00:00-05:00,240.17702168463396,241.95413364050106,238.32049944087447,240.95140075683594,37628900,0.0,0.0,0.3143403511707008,-0.062093063063616505
2025-01-10 00:00:00-05:00,238.28079154222544,238.4297199246896,231.32130202918376,235.14356994628906,61710900,0.0,0.0,0.2855695478974558,-0.03778644106445472
2025-01-13 00:00:00-05:00,231.84748509521594,232.9792711307645,228.06493742769467,232.71121215820312,49630700,0.0,0.0,0.26509679578245815,-0.006502868474788648
2025-01-14 00:00:00-05:00,233.05869925952226,234.41882398797216,230.79512716232853,231.5992889404297,39435300,0.0,0.0,0.2631220181203413,0.016505633020647892
2025-01-15 00:00:00-05:00,232.94947976770305,237.2383625727966,232.74098609709984,236.1562042236328,39832000,0.0,0.0,0.28568907918002573,0.016502966097560856
2025-01-16 00:00:00-05:00,235.63995285298606,236.29518618874627,226.38709407905125,226.6154327392578,71759100,0.0,0.0,0.2491329687851942,0.07276330711796919
2025-01-17 00:00:00-05:00,230.44762501944012,230.61639839146835,226.83385097126646,228.3230438232422,68488300,0.0,0.0,0.2650900632030191,0.0641743419049936
2025-01-21 00:00:00-05:00,222.38613659782595,222.8031087860845,217.79942737812888,221.0359344482422,98070400,0.0,0.0,0.18608224129400108,0.10105647519493388
2025-01-22 00:00:00-05:00,218.2064751614249,222.5052806842356,218.2064751614249,222.21737670898438,64126500,0.0,0.0,0.1741832895719424,0.09949627960485152
2025-01-23 00:00:00-05:00,223.1208199792776,225.394314538592,220.69839703644928,222.04859924316406,60234800,0.0,0.0,0.15919204532455877,0.09907878388230151
2025-01-24 00:00:00-05:00,223.160517277336,224.00439930767484,219.81480209957203,221.1749267578125,54697900,0.0,0.0,0.1469998172861542,0.110385500575374
2025-01-27 00:00:00-05:00,222.40601266103107,230.47742834163907,222.36629236472388,228.2039337158203,94863400,0.0,0.0,0.1875891799246594,0.07592280148677677
2025-01-28 00:00:00-05:00,229.18679454547646,238.4594987479956,229.147074251248,236.54339599609375,75707600,0.0,0.0,0.2330804006250471,0.009923102071021539
2025-01-29 00:00:00-05:00,232.43322998057818,238.13188043636077,232.32402189200354,237.63548278808594,45486100,0.0,0.0,0.2500396514906873,-0.007516207313634782
2025-01-30 00:00:00-05:00,236.95045561956258,239.05517683623282,235.50098294542886,235.87823486328125,55658300,0.0,0.0,0.24526143011624413,0.019006999119449697
2025-01-31 00:00:00-05:00,245.40906406001392,245.40906406001392,231.75812916176676,234.2996826171875,100959800,0.0,0.0,0.2612007796989164,0.009710542398260191
2025-02-03 00:00:00-05:00,228.33297872450572,230.15971829856622,224.0738787357251,226.3672332763672,73063300,0.0,0.0,0.24255424112676804,0.035872984009723385
2025-02-04 00:00:00-05:00,225.61272492539547,231.45036595591674,225.01704170433482,231.12274169921875,45067300,0.0,0.0,0.2519559150731778,0.013742254170171275
2025-02-05 00:00:00-05:00,226.88350440739822,230.99367626573292,226.625383087866,230.7951202392578,39620300,0.0,0.0,0.2569754317277537,0.013415721076661224
2025-02-06 00:00:00-05:00,229.62361584180033,232.11554171369926,228.7698112868805,231.5397186279297,29925300,0.0,0.0,0.24873480134259962,0.02621062993358403
2025-02-07 00:00:00-05:00,230.9241838961893,232.31409120281862,225.62264568638093,225.989990234375,39707200,0.0,0.0,0.20837394771459516,0.000439756172656125
2025-02-10 00:00:00-05:00,228.16660736242451,229.1803610121675,225.81108525741098,226.25833129882812,33115600,0.25,0.0,0.20910609067766073,-0.02991428551774722
2025-02-11 00:00:00-05:00,226.80494431220234,233.79196667406026,226.7353801285285,231.1979217529297,53718400,0.0,0.0,0.2426539925987563,-0.0672339836878647
2025-02-12 00:00:00-05:00,229.7866449882993,235.5114431570428,229.2698195612854,235.42198181152344,45243300,0.0,0.0,0.26019847743249946,-0.1147887869390739
2025-02-13 00:00:00-05:00,235.4617298072221,240.85852795215618,234.1299251101732,240.05348205566406,53614100,0.0,0.0,0.296662887652845,-0.11609326000999864
2025-02-14 00:00:00-05:00,239.77519417214083,244.04891051069433,239.51678905976664,243.10472106933594,40896200,0.0,0.0,0.3281180693072403,-0.12510219141706957
2025-02-18 00:00:00-05:00,242.65747382373942,243.6811760890431,240.3615975750387,242.97552490234375,48822500,0.0,0.0,0.3338276524468671,-0.12999549600581373
2025-02-19 00:00:00-05:00,243.16433914739287,244.50607717853558,241.67350900245088,243.373046875,32204200,0.0,0.0,0.3381170882319211,-0.12100287052493042
2025-02-20 00:00:00-05:00,243.44262036367402,245.2713683243621,242.79658488378954,244.32717895507812,32316900,0.0,0.0,0.35478446142028175,-0.12907280973925794
2025-02-21 00:00:00-05:00,244.44645306890683,247.1697083342209,243.72091995824803,244.0489044189453,53197400,0.0,0.0,0.3588316214965712,-0.11109748793749952
2025-02-24 00:00:00-05:00,243.43268408373555,247.33866705271078,242.92580728065096,245.5894317626953,51326400,0.0,0.0,0.36170882943432425,-0.10671789019027023
2025-02-25 00:00:00-05:00,246.48395378064242,248.47172760145406,243.41284686721102,245.52981567382812,48013300,0.0,0.0,0.34624129758213495,-0.09427624388774825
2025-02-26 00:00:00-05:00,242.83637220684057,243.48239258336395,237.66816369812489,238.89064025878906,44433600,0.0,0.0,0.32311490017946976,-0.07834088754956026
2025-02-27 00:00:00-05:00,237.94646720738686,240.97782529617328,235.61082691795045,235.849365234375,41153600,0.0,0.0,0.31607686988658235,-0.05667938872033118
2025-02-28 00:00:00-05:00,235.50146657809572,240.61004395755495,228.79273089598732,240.361572265625,56833400,0.0,0.0,0.33045996597737104,-0.09899103218722605
2025-03-03 00:00:00-05:00,240.31186830369816,242.53818006191796,234.66659889731284,236.57485961914062,47184000,0.0,0.0,0.31823361353426094,-0.06679815817293022
2025-03-04 00:00:00-05:00,236.25683384188991,238.60240725621293,233.24534293735957,234.48770141601562,53798100,0.0,0.0,0.3114467385248947,-0.05399896898535639
2025-03-05 00:00:00-05:00,233.98083809185871,235.1039350742086,227.82867612475383,234.29888916015625,47227600,0.0,0.0,0.3183408065011193,-0.050267235219353834
2025-03-06 00:00:00-05:00,233.00684447444675,236.4059358119138,231.73467047090975,233.8914031982422,45170400,0.0,0.0,0.3503210383873572,-0.13657418265435317
2025-03-07 00:00:00-05:00,233.67272217403436,239.8944479764648,233.3248557337566,237.6085205078125,46273600,0.0,0.0,0.4119378149041706,-0.21202983936718878
2025-03-10 00:00:00-04:00,234.10009611136832,234.71631625547707,222.84930513729455,226.08937072753906,72071200,0.0,0.0,0.3514318142723014,-0.20230346332754556
2025-03-11 00:00:00-04:00,222.44182022291236,224.45940937640347,216.12069905845206,219.48997497558594,76137400,0.0,0.0,0.3129157198996544,-0.21925378680308205
2025-03-12 00:00:00-04:00,218.7942505386503,220.39440897367027,213.5962265598192,215.653564453125,62547500,0.0,0.0,0.27689647704674414,-0.08355607330097803
2025-03-13 00:00:00-04:00,214.6298526174969,215.5144112677834,207.14588618522245,208.39817810058594,61368300,0.0,0.0,0.21950828153375213,-0.09185417361183157
2025-03-14 00:00:00-04:00,209.95857893569573,212.64207016591416,208.29878985935505,212.1848907470703,60107600,0.0,0.0,0.23822714656774435,-0.07185337517597934
2025-03-17 00:00:00-04:00,212.00600336087763,213.9043309003415,208.68642489319868,212.69178771972656,48073400,0.0,0.0,0.2564159697053361,-0.05364492883225436
2025-03-18 00:00:00-04:00,212.85081593904235,213.83475423543342,210.19713981325924,211.38980102539062,42432400,0.0,0.0,0.2352271565118902,-0.049602768715981016
2025-03-19 00:00:00-04:00,212.91044076829724,217.4226803637017,212.443312738742,213.92420959472656,54385400,0.0,0.0,0.25278862396549173,-0.09742607867751019
2025-03-20 00:00:00-04:00,212.6818553101102,216.16045933121794,210.92267131595005,212.7911834716797,48862900,0.0,0.0,0.238262486217093,-0.07996280946310719
2025-03-21 00:00:00-04:00,210.26669685360034,217.5021918152461,209.9884097524224,216.93568420410156,94127800,0.0,0.0,0.24546025955891015,-0.1150409257248508
2025-03-24 00:00:00-04:00,219.64899945464327,220.1260609084734,217.24379503613238,219.38064575195312,44299500,0.0,0.0,0.24123945667818036,-0.09509359526421113
2025-03-25 00:00:00-04:00,219.4204082670252,222.73005335992565,218.73462390108503,222.38218688964844,34493600,0.0,0.0,0.3118197214924354,-0.08558656937860531
2025-03-26 00:00:00-04:00,222.1436270366165,223.64440576884627,219.12221792138408,220.1757354736328,34466100,0.0,0.0,0.29194365151007506,-0.05940502044535767
2025-03-27 00:00:00-04:00,220.03659916949772,223.61459773398053,219.21167130142226,222.4815673828125,37094800,0.0,0.0,0.31640026370345176,-0.06508827649323567
2025-03-28 00:00:00-04:00,220.31488968867507,222.44180687800483,216.34927581514728,216.56793212890625,39818600,0.0,0.0,0.29001764378888106,-0.03561263597904207
2025-03-31 00:00:00-04:00,215.6833836525119,224.24075018814546,214.90815310911736,220.7720947265625,65299300,0.0,0.0,0.28774390090317725,-0.04916038406139678
2025-04-01 00:00:00-04:00,218.46626491168394,222.31260214779184,217.5618242432653,221.8256072998047,36412700,0.0,0.0,0.3076968883740381,-0.04789640464498757
2025-04-02 00:00:00-04:00,219.96705040499884,223.81338775742097,219.66888130946384,222.52133178710938,35905900,0.0,0.0,0.3229851366956429,-0.047210624749454144
2025-04-03 00:00:00-04:00,204.2835010267849,206.22159255986557,200.01973301812973,201.9478759765625,103419000,0.0,0.0,0.2091297368755236,0.010630338554495689
2025-04-04 00:00:00-04:00,192.7047355778497,198.658123727335,186.19477317599058,187.22842407226562,125910900,0.0,0.0,0.11564695001511138,0.05579133905049005
2025-04-07 00:00:00-04:00,176.11674047268428,192.96311894309866,173.55251067175698,180.3507080078125,160466300,0.0,0.0,0.07994801029743326,0.09396009835979036
2025-04-08 00:00:00-04:00,185.55866963100107,189.17641711488596,168.175598539417,171.365966796875,120859500,0.0,0.0,0.02154816215948241,0.13820904240541942
2025-04-09 00:00:00-04:00,170.89883496621582,199.38363475051753,170.83920418374143,197.6343994140625,184395900,0.0,0.0,0.18604296804318632,-0.006839318328792476
2025-04-10 00:00:00-04:00,187.9141974958541,193.5892830219747,181.88129692496375,189.2559356689453,121880000,0.0,0.0,0.12759571321736152,0.042589996014698706
2025-04-11 00:00:00-04:00,184.96236474624945,198.32019241914816,184.9226007761468,196.93869018554688,87435900,0.0,0.0,0.18658761460252427,0.06518484301101135
2025-04-14 00:00:00-04:00,210.14742002868311,211.63825017625834,199.93026529720834,201.28195190429688,101352900,0.0,0.0,0.1624558325061476,0.05278104047133181
2025-04-15 00:00:00-04:00,200.6259945192588,202.26590170954893,198.57859009217825,200.90428161621094,51343900,0.0,0.0,0.1503508857460234,0.05178809221580627
2025-04-16 00:00:00-04:00,197.1474065096439,199.47309822086447,191.19401850640656,193.08241271972656,59732400,0.0,0.0,0.1302759008350154,0.0898608004568413
2025-04-17 00:00:00-04:00,195.99445890478637,197.61449911758032,193.23145502579916,195.7758026123047,52164700,0.0,0.0,0.1684381101854231,0.07390126062684277
2025-04-21 00:00:00-04:00,192.0885304389909,192.6152892965427,188.64967500212322,191.9792022705078,46742500,0.0,0.0,0.15519099392497604,0.08228287311840532
2025-04-22 00:00:00-04:00,194.92107095045932,200.35763286451953,194.7719939992729,198.51895141601562,52976400,0.0,0.0,0.2014077283403075,0.03700444991436669
2025-04-23 00:00:00-04:00,204.7406939661261,206.72846769395255,201.56025903470575,203.34925842285156,52929200,0.0,0.0,0.24585526585175832,-0.010972636355429999
2025-04-24 00:00:00-04:00,203.63746952607698,207.55338601533765,201.69939326414854,207.09619140625,47311000,0.0,0.0,0.2623848951222747,-0.032374794580945165
2025-04-25 00:00:00-04:00,205.10841141990002,208.46775361357263,204.9394524859384,208.00062561035156,38222300,0.0,0.0,0.25984533089735096,-0.0657202871372683
2025-04-28 00:00:00-04:00,208.71623364812058,210.2070638884643,206.1917677806294,208.85537719726562,38743100,0.0,0.0,0.24915534566875608,-0.046004886485860985
2025-04-29 00:00:00-04:00,207.41425458581946,210.94255602883885,207.096203506044,209.91885375976562,36827600,0.0,0.0,0.24908644512183442,-0.04984233031591656
2025-04-30 00:00:00-04:00,208.0205233254963,212.2743578831654,205.4065960245207,211.20095825195312,52286500,0.0,0.0,0.2610949348162841,-0.05782498508445688
2025-05-01 00:00:00-04:00,207.80187477964563,213.2483707428857,207.62296725165953,212.01596069335938,57365700,0.0,0.0,0.23531571649616345,-0.05722219687278829
2025-05-02 00:00:00-04:00,204.8301167579532,205.72462393265195,200.92414910817757,204.0946502685547,101010600,0.0,0.0,0.2112933566423434,-0.016486428555034016
2025-05-05 00:00:00-04:00,201.85841873478097,202.85230555244996,196.99831280299983,197.6741485595703,69018500,0.0,0.0,0.18032545664498878,0.023362431746198897
2025-05-06 00:00:00-04:00,196.99832434112832,199.42339557924856,195.81559653234874,197.29647827148438,51216500,0.0,0.0,0.15267486975152722,0.023051623578057345
2025-05-07 00:00:00-04:00,197.9524407308952,198.2207944248892,192.0686324392914,195.05029296875,68536700,0.0,0.0,0.07523534097008433,0.023659106099939153
2025-05-08 00:00:00-04:00,196.51130456752412,198.82706269335065,193.48988012199126,196.28271484375,50478900,0.0,0.0,0.09197347226790886,0.03391263274683021
2025-05-09 00:00:00-04:00,197.7834732241415,199.31405222350435,196.3323918231404,197.31634521484375,36453900,0.0,0.0,0.09357146451267262,0.0160387289035524
2025-05-12 00:00:00-04:00,209.9552498967622,210.25380995429242,205.75554659425106,209.77610778808594,63775800,0.26,0.0,0.16046301740759472,-0.03852162881466803
2025-05-13 00:00:00-04:00,209.41784747983854,212.37356332026266,207.99473291206186,211.90582275390625,51909300,0.0,0.0,0.1606215416825838,-0.06645362074850258
2025-05-14 00:00:00-04:00,211.40824098508043,212.91098786371114,209.56714827780408,211.30873107910156,49325800,0.0,0.0,0.16538114244695623,-0.06183778562742115
2025-05-15 00:00:00-04:00,209.93535780893234,211.93569971673273,208.53213606160298,210.43295288085938,45029500,0.0,0.0,0.14042756935442857,-0.07093870509423073
2025-05-16 00:00:00-04:00,211.33859654598928,211.54759317457453,208.76105751069144,210.24388122558594,54737900,0.0,0.0,0.1324121252248216,-0.060778269516595484
2025-05-19 00:00:00-04:00,206.90999202317107,208.47243269467637,203.2775387890809,207.7758026123047,46140500,0.0,0.0,0.10561031184493719,-0.06293705677437311
2025-05-20 00:00:00-04:00,206.67113760639387,207.46729276724128,204.04383620537516,205.8650360107422,42496600,0.0,0.0,0.0947504511161179,-0.04969547282521802
2025-05-21 00:00:00-04:00,204.1831685508297,206.04416933851562,199.74462882701684,201.11798095703125,59211800,0.0,0.0,0.06933750322290777,-0.00539358693484937
2025-05-22 00:00:00-04:00,199.7446272097534,201.77480849030061,198.7394754118135,200.39149475097656,46742400,0.0,0.0,0.05894944588191753,0.0006952790242062967
2025-05-23 00:00:00-04:00,192.73845462081462,196.74906929623725,192.52947321472183,194.3307647705078,78432900,0.0,0.0,0.019928210711116945,0.025759322582471267
2025-05-27 00:00:00-04:00,197.34619261173145,199.77445879612063,196.48036693049403,199.24700927734375,56288500,0.0,0.0,0.0536738233324503,0.0067429160630707585
2025-05-28 00:00:00-04:00,199.6251894151235,201.75489573800118,198.9385057789635,199.4560089111328,45339700,0.0,0.0,0.07746829078305018,0.0028939951952136056
2025-05-29 00:00:00-04:00,202.60081106845576,202.8297005493605,197.55518975609246,198.98826599121094,51396800,0.0,0.0,0.0574013582782924,0.005651452603521401
2025-05-30 00:00:00-04:00,198.4110493394953,200.98860329086406,195.83351057352263,199.88394165039062,70819900,0.0,0.0,0.062104900947135055,0.021508529195637616
2025-06-02 00:00:00-04:00,199.31669015009302,201.15779807678393,199.15745607510846,200.7298583984375,35423300,0.0,0.0,0.0649182459677502,0.030342077465109973
2025-06-03 00:00:00-04:00,200.38153417950807,202.78989241693247,199.99341064507593,202.29229736328125,46381600,0.0,0.0,0.0675969070404121,0.045112445641794174
2025-06-04 00:00:00-04:00,201.93404589483336,205.24803106286797,201.12794426741362,201.844482421875,43604000,0.0,0.0,0.05991436603954914,0.05290404956728412
2025-06-05 00:00:00-04:00,202.52119947175674,203.76518718349973,199.18730633012683,199.66500854492188,55126100,0.0,0.0,0.038851192703392545,0.046453692960759074
2025-06-06 00:00:00-04:00,202.0236053289331,204.7106157617459,201.07817770068002,202.93917846679688,46607700,0.0,0.0,0.0541479453826752,0.029864610218091725
2025-06-09 00:00:00-04:00,203.4069099948636,205.0091667110405,199.05793398755327,200.48104858398438,72862600,0.0,0.0,0.03329815532103031,0.048101239039462396
2025-06-10 00:00:00-04:00,199.63515466910712,203.36711781582227,199.60530017876516,201.6951904296875,54672600,0.0,0.0,0.046985864264783794,0.04805846381409529
2025-06-11 00:00:00-04:00,202.5212126953003,203.51640292967522,197.45569804682734,197.82391357421875,60989900,0.0,0.0,0.014320961536415266,0.06227988116552563
2025-06-12 00:00:00-04:00,198.12244911144163,198.71955406677787,196.410720905765,198.2418670654297,43904600,0.0,0.0,0.0363068522950063,0.04728917742246974
2025-06-13 00:00:00-04:00,198.769334334526,199.40625545491926,194.7587190445596,195.50511169433594,51447300,0.0,0.0,-0.04721818639081454,0.0644439471917655
2025-06-16 00:00:00-04:00,196.35101387226533,197.73432753277095,195.61456771612566,197.4656219482422,43020700,0.0,0.0,-0.0644016858126194,0.05916750398555548
2025-06-17 00:00:00-04:00,196.25149936947125,197.4357781067605,194.27108064091922,194.69900512695312,38856200,0.0,0.0,-0.0825478661056217,0.0735022838142998
2025-06-18 00:00:00-04:00,194.9975546383106,196.6197193940347,194.13174409281177,195.6344757080078,45394700,0.0,0.0,-0.07054770776295693,0.07426998664155282
2025-06-20 00:00:00-04:00,197.28651411005004,200.72986375748766,195.9131467510872,200.03323364257812,96813500,0.0,0.0,-0.06798335371994313,0.057114303973842206
2025-06-23 00:00:00-04:00,200.6602023375907,201.3269779408771,198.00304635957568,200.53082275390625,55814300,0.0,0.0,-0.055287851725344894,0.06401976626367345
2025-06-24 00:00:00-04:00,201.61557243039425,202.46149014710028,199.23706853700068,199.3365936279297,54064000,0.0,0.0,-0.040267382004896324,0.06914629160462149
2025-06-25 00:00:00-04:00,200.4810436177515,202.6903668657116,199.65503400834336,200.59051513671875,39525700,0.0,0.0,-0.024036821100564598,0.060527921253014316
2025-06-26 00:00:00-04:00,200.461158146952,201.66534499125092,198.5006473897771,200.03323364257812,50799100,0.0,0.0,-0.029787599993605585,0.06407954671838745
2025-06-27 00:00:00-04:00,200.91894034324127,202.24254507531293,199.03803155248616,200.1128387451172,73188600,0.0,0.0,-0.03371898088723324,0.06450172498655116
2025-06-30 00:00:00-04:00,201.03834688076608,206.39247448465787,198.30157410241034,204.1831512451172,91912800,0.0,0.0,-0.033390329632005056,0.029731535995591418
2025-07-01 00:00:00-04:00,205.6759415551798,209.17901505124104,205.1484920031366,206.82041931152344,78788900,0.0,0.0,-0.02479269569949749,0.005918541899574414
2025-07-02 00:00:00-04:00,207.90517762155153,212.3138626915596,207.13887695509675,211.41819763183594,67941800,0.0,0.0,0.013358439038518188,-0.02292410459584182
2025-07-03 00:00:00-04:00,211.12959751601144,213.61757304735917,210.79123648824356,212.5228729248047,34955800,0.0,0.0,-0.01015578433037101,-0.052306238004741434
2025-07-07 00:00:00-04:00,211.65705062020388,215.18997897032483,207.7957228576545,208.940185546875,50229000,0.0,0.0,-0.04239400659150727,-0.03143611558051407
2025-07-08 00:00:00-04:00,209.08945658408672,210.41304612040562,207.4473837253886,208.9998779296875,42848900,0.0,0.0,-0.04765448775524417,-0.033760273040492894
2025-07-09 00:00:00-04:00,208.52217876921287,210.3135239719546,206.22329208627588,210.1244354248047,48749400,0.0,0.0,-0.06279301085422628,0.009993526116835572
2025-07-10 00:00:00-04:00,209.49748097232364,212.45319704499605,209.0197939340788,211.3883514404297,44443600,0.0,0.0,-0.06328072212099001,0.035873917344056316
2025-07-11 00:00:00-04:00,209.55720483784353,211.10969909895366,208.8506131239295,210.1443634033203,39765800,0.0,0.0,-0.07229518751504693,0.08614327555846746
2025-07-14 00:00:00-04:00,208.92025854176603,209.89555581124029,206.54175471753558,207.61656188964844,38840100,0.0,0.0,-0.10037068563221585,0.09020150063657728
2025-07-15 00:00:00-04:00,208.2137043224775,210.8708604550018,207.915144211828,208.10423278808594,42296300,0.0,0.0,-0.07682056804870707,0.09947208303310684
2025-07-16 00:00:00-04:00,209.28849593835915,211.37838618562168,207.63647661047767,209.149169921875,47490500,0.0,0.0,-0.08413780643026558,0.11150932383926215
2025-07-17 00:00:00-04:00,209.55718424596662,210.7812638030366,208.58188702565155,209.00982666015625,48068100,0.0,0.0,-0.09982007137079141,0.10962858787349794
2025-07-18 00:00:00-04:00,209.85573909301036,210.77131219576944,208.69136845628208,210.16424560546875,48974600,0.0,0.0,-0.09646713380572036,0.09789212829089045
2025-07-21 00:00:00-04:00,211.07983063398711,214.74212298846783,210.61209006251647,211.45799255371094,51377400,0.0,0.0,-0.06731171817398351,0.08787676762006025
2025-07-22 00:00:00-04:00,212.1148250502387,213.91611676733493,211.20919838168209,213.36875915527344,46404100,0.0,0.0,-0.039152943905618076,0.07659367382673743
2025-07-23 00:00:00-04:00,213.96589762082587,214.11517007989065,211.38835859165647,213.11997985839844,46989300,0.0,0.0,-0.04082958339531151,0.05657945486052118
2025-07-24 00:00:00-04:00,212.87116805528336,214.65256693634578,212.50295255730364,212.73184204101562,46022600,0.0,0.0,-0.04108020075586427,0.053308538464109656
2025-07-25 00:00:00-04:00,213.6673206036272,214.2047317845148,212.37357038101962,212.8512725830078,40268800,0.0,0.0,-0.045019054201012376,0.06610475087102174
2025-07-28 00:00:00-04:00,213.00055398053098,213.81661722083774,212.03521828670327,213.0204620361328,37858000,0.0,0.0,-0.015964685980122684,0.06245180601939371
2025-07-29 00:00:00-04:00,213.14982178903043,213.7767964509494,209.80599741985404,210.2538299560547,51411700,0.0,0.0,-0.024056016507874145,0.0866201545155576
2025-07-30 00:00:00-04:00,210.88077731884883,211.36842593737322,206.72088996610802,208.04449462890625,45512500,0.0,0.0,-0.03639368335692572,0.10381055160166874
2025-07-31 00:00:00-04:00,207.48719786288635,208.83069544134486,206.16359315375274,206.57162475585938,80698400,0.0,0.0,-0.04444311276061097,0.12166463606777955
2025-08-01 00:00:00-04:00,209.8557561748323,212.5527283441607,200.530828701964,201.40660095214844,104434500,0.0,0.0,-0.07072003273471295,0.1483517828068175
2025-08-04 00:00:00-04:00,203.5263267271778,206.88012777005082,200.70993685491413,202.37191772460938,75109300,0.0,0.0,-0.0800568863668949,0.13095999093996769
2025-08-05 00:00:00-04:00,202.42167200915333,204.35234334482283,201.18764593221573,201.94398498535156,44155100,0.0,0.0,-0.06636282862144505,0.17652591113249283
2025-08-06 00:00:00-04:00,204.64097466073486,214.34407953630614,204.60115854716602,212.2243194580078,108483100,0.0,0.0,-0.025528332393660036,0.12568393350950102
2025-08-07 00:00:00-04:00,217.8272171299369,219.78774287041324,215.5382768294147,218.9716796875,90224800,0.0,0.0,0.056333790962988406,0.09058781669914873
2025-08-08 00:00:00-04:00,219.76786212559261,229.88894502591432,218.19545972697713,228.24688720703125,113854000,0.0,0.0,0.11191740417803397,0.038369107687272086
2025-08-11 00:00:00-04:00,227.08116933177635,228.71513292468896,223.9327956372812,226.34388732910156,61806100,0.26,0.0,0.08903573648894891,0.03156096268267472
2025-08-12 00:00:00-04:00,227.17083074525974,229.95057099439725,226.23430307406312,228.80479431152344,55626200,0.0,0.0,0.0828646561353672,-0.012453725257254966
2025-08-13 00:00:00-04:00,230.2195756343437,234.1351043372746,229.58191650034667,232.47125244140625,69878500,0.0,0.0,0.08530902582717648,-0.014143069395183616
2025-08-14 00:00:00-04:00,233.1985666998313,234.25466305951576,230.0003892485326,231.92327880859375,51916300,0.0,0.0,0.0750854695595109,0.0055417596203619635
2025-08-15 00:00:00-04:00,233.13880497436926,233.41777326838445,228.4959516198378,230.7376708984375,56038700,0.0,0.0,0.05151099531515935,0.022064825841457303
2025-08-18 00:00:00-04:00,230.8472538899505,232.26202593201924,229.26310933608104,230.0402374267578,37476200,0.0,0.0,0.0462049566765641,0.031443526785136955
2025-08-19 00:00:00-04:00,230.42880766374827,232.0129522601839,228.50591803460907,229.71145629882812,39402600,0.0,0.0,0.030762866280189094,0.036563203906905484
2025-08-20 00:00:00-04:00,229.13358225147155,229.6217843388592,224.93908515924198,225.17819213867188,42263900,0.0,0.0,0.004476325584960028,0.052519848172542405
2025-08-21 00:00:00-04:00,225.43723377620466,225.6863136691638,222.95639256938466,224.072265625,30621200,0.0,0.0,0.0002509346019743397,0.09159627642187851
2025-08-22 00:00:00-04:00,225.33760837029214,228.2468598588307,224.58041092619504,226.9217529296875,42477800,0.0,0.0,0.01019827515174998,0.12434135957907255
2025-08-25 00:00:00-04:00,225.6464693442017,228.45609804536198,225.3973894325087,226.323974609375,30983100,0.0,0.0,0.00802663429535233,0.12004752039593414
2025-08-26 00:00:00-04:00,226.03502689374838,228.6453946309622,223.86305742355088,228.46604919433594,54575100,0.0,0.0,0.02604201394297312,0.10030094002097534
2025-08-27 00:00:00-04:00,227.76862267507164,230.05018785299507,227.41990473660533,229.64170837402344,31259500,0.0,0.0,0.02081950177916636,0.11445189400868405
2025-08-28 00:00:00-04:00,229.9704999102399,232.55096405412047,228.4959359400532,231.70408630371094,38074700,0.0,0.0,0.028445866791213748,0.09846921549146104
2025-08-29 00:00:00-04:00,231.65426265633033,232.52107103838586,230.51845893056873,231.28562927246094,39418400,0.0,0.0,0.02276176956034548,0.09601970241203461
2025-09-02 00:00:00-04:00,228.4062708029861,230.00038826150748,226.1346633063032,228.87454223632812,44075600,0.0,0.0,0.01898137473663586,0.10843638883959095
2025-09-03 00:00:00-04:00,236.33697373754433,237.9709372370204,233.49745685978084,237.5923309326172,66427800,0.0,0.0,0.042603457504613695,0.07120394383068729
2025-09-04 00:00:00-04:00,237.57239985348932,239.0170601981439,235.8687018920251,238.8975067138672,47549400,0.0,0.0,0.05194735125586214,0.07235800954588045
2025-09-05 00:00:00-04:00,239.1167027112504,240.43185187342493,237.61226559630578,238.80784606933594,54870400,0.0,0.0,0.08096009329244369,0.07647373303018679
2025-09-08 00:00:00-04:00,238.41928864081726,239.2661511981365,235.47017586985078,237.0045166015625,48999500,0.0,0.0,0.08212411489697158,0.07907346535561177
2025-09-09 00:00:00-04:00,236.12775932745953,237.90120710535396,232.5011563745861,233.48751831054688,66313900,0.0,0.0,0.05873128718303722,0.09443146633757338
2025-09-10 00:00:00-04:00,231.33545739080094,231.56460664903227,225.118417424808,225.955322265625,83440800,0.0,0.0,0.03181546593569151,0.13788082933465007
2025-09-11 00:00:00-04:00,226.04499474029723,229.60184779162614,225.81583028738913,229.1833953857422,50208600,0.0,0.0,0.04612990254888483,0.1043776123498088
2025-09-12 00:00:00-04:00,228.37638560886936,233.6469097348115,228.17712472443904,233.2085418701172,55824200,0.0,0.0,0.06837207133695311,0.04784888070870941
2025-09-15 00:00:00-04:00,236.12775635652346,237.31337916896246,234.16500543557729,235.828857421875,42699500,0.0,0.0,0.06800324396221136,0.046303269821057924
2025-09-16 00:00:00-04:00,236.30708253667353,240.33222235518573,235.45026224943368,237.2735137939453,63421100,0.0,0.0,0.07401496151873177,0.040394709773152515
2025-09-17 00:00:00-04:00,238.09051246512186,239.21635855568803,236.85507060288438,238.11044311523438,46508000,0.0,0.0,0.07911135993717644,0.0433071708805608
2025-09-18 00:00:00-04:00,239.08682096339746,240.31228984200703,235.77903252032195,237.0045166015625,44249600,0.0,0.0,0.10478499362087623,0.04023035053084123
2025-09-19 00:00:00-04:00,240.342162048153,245.3935094903633,239.32592704772566,244.59645080566406,163741300,0.0,0.0,0.1377025621647947,0.02765792342833917
2025-09-22 00:00:00-04:00,247.38616206443075,255.69547916115815,247.2068166293636,255.13751220703125,105517400,0.0,0.0,0.16576084569381444,0.024054865671827352
2025-09-23 00:00:00-04:00,254.93828225227924,256.3929004583055,252.64674396870498,253.4936065673828,60275200,0.0,0.0,0.11685298746678363,0.032779053121006596
2025-09-24 00:00:00-04:00,254.2807025242173,254.79879299943292,250.11607847800005,251.38140869140625,42303700,0.0,0.0,0.11079869267922082,0.024335137410883556
2025-09-25 00:00:00-04:00,252.27811828759639,256.2235509944071,250.78363873545524,255.9246368408203,55202100,0.0,0.0,0.13951303539395954,0.010550088100738986
2025-09-26 00:00:00-04:00,253.16481067495934,256.6519291955366,252.84598111295833,254.51980590820312,46076300,0.0,0.0,0.12877212725865772,0.02881078835338413
2025-09-29 00:00:00-04:00,253.6231329894407,254.06151607705354,252.07883445903423,253.4936065673828,40127700,0.0,0.0,0.12918737721168494,0.05651835492019863
2025-09-30 00:00:00-04:00,253.92202035086734,254.97811672142575,252.17846100632588,253.69287109375,37704300,0.0,0.0,0.12436289714212867,0.0564346864576577
2025-10-01 00:00:00-04:00,254.10134722927504,257.83756097799323,253.9917514638179,254.5098419189453,48713900,0.0,0.0,0.12664669224835,0.05578391560399365
2025-10-02 00:00:00-04:00,255.63566078088252,257.229778167004,253.21461153357077,256.18365478515625,42630200,0.0,0.0,0.10869835391571536,0.055497171642905796
2025-10-03 00:00:00-04:00,253.73271197999827,258.2858846694617,253.01536064819075,257.07037353515625,49155600,0.0,0.0,0.1459299009686834,0.047864461170305406
2025-10-06 00:00:00-04:00,257.0404883747525,258.1165305885388,254.1113214696764,255.7452850341797,44664100,0.0,0.0,0.13715785490684929,0.0481514210505245
2025-10-07 00:00:00-04:00,255.86485915808862,256.4526841311554,254.48993311029045,255.5360870361328,31955800,0.0,0.0,0.1418162997716137,0.052869581812372335
2025-10-08 00:00:00-04:00,255.5758888188916,257.56852798749276,255.16739414069707,257.1102294921875,36496900,0.0,0.0,0.14312610496694078,0.04681086786117672
2025-10-09 00:00:00-04:00,256.86113993459566,257.0504430809132,252.20832947523735,253.10501098632812,38322000,0.0,0.0,0.15125752794477632,0.06191943446537129
2025-10-10 00:00:00-04:00,254.00171816056968,255.436420799504,243.10197943699816,244.3673095703125,61999100,0.0,0.0,0.09142711222009314,0.09458967348816616
2025-10-13 00:00:00-04:00,248.46217548947354,248.77103211910116,244.6562274921306,246.74850463867188,38142900,0.0,0.0,0.0839619724370082,0.08895726956615313
2025-10-14 00:00:00-04:00,245.69241642712313,247.93413549962378,243.79940008876653,246.8581085205078,35478000,0.0,0.0,0.08681074271781197,0.11198619021413703
2025-10-15 00:00:00-04:00,248.57178982967116,250.89321639065437,246.559219921403,248.42233276367188,33893600,0.0,0.0,0.100858854321765,0.09783886422900956
2025-10-16 00:00:00-04:00,247.33635013275978,248.1234359576197,244.22783772705108,246.53929138183594,39777000,0.0,0.0,0.07480166937121058,0.10412033669944898
2025-10-17 00:00:00-04:00,247.1072067041429,252.4474806979352,246.3599669580113,251.36148071289062,49147000,0.0,0.0,0.08387496729930999,0.08079619620346379
2025-10-20 00:00:00-04:00,254.9481912125226,263.406949073437,254.68915362058422,261.2748107910156,90483000,0.0,0.0,0.13668312940016558,0.020894233724112032
2025-10-21 00:00:00-04:00,260.9161783410852,264.3136317818121,260.86634411857244,261.8028869628906,46695900,0.0,0.0,0.13716532272602922,0.01875877822393157
2025-10-22 00:00:00-04:00,261.6833338430701,261.882609922878,254.4899051977633,257.4988098144531,45015300,0.0,0.0,0.10490567233566095,0.04012517123995929
2025-10-23 00:00:00-04:00,258.9833552231903,259.66084534801524,257.06046542540827,258.6246643066406,32754900,0.0,0.0,0.10279135418942564,0.02668959632728951
2025-10-24 00:00:00-04:00,260.2287163700197,263.15789839957887,258.22610426270086,261.85272216796875,38253700,0.0,0.0,0.11949118437501416,0.03398959720945083
2025-10-27 00:00:00-04:00,263.9051197703755,268.1295048126629,263.6759553344934,267.8206481933594,44888200,0.0,0.0,0.17031117583244826,0.027445129283483638
2025-10-28 00:00:00-04:00,267.9999758056659,268.896687690681,267.16307106420925,268.00994873046875,41534800,0.0,0.0,0.17210347940756,0.030626441133435378
2025-10-29 00:00:00-04:00,268.28892986747474,270.4110953948544,266.1269030442272,268.7073974609375,51086700,0.0,0.0,0.1708880007904321,0.030104131696021996
2025-10-30 00:00:00-04:00,270.98894793982623,273.1310593223432,267.49188695276854,270.401123046875,69886500,0.0,0.0,0.16822228502488157,0.028446350230190154
2025-10-31 00:00:00-04:00,275.97053891965146,276.29934139392066,268.1693703205502,269.3749084472656,86167100,0.0,0.0,0.16244396351373758,0.04809877831083398
2025-11-03 00:00:00-05:00,269.42476736726525,269.8531775103368,265.2701011373342,268.0597839355469,50194600,0.0,0.0,0.17471604643720173,0.0647367996226682
2025-11-04 00:00:00-05:00,267.3424445625432,270.49081837885313,266.6350661079627,269.0461730957031,49274800,0.0,0.0,0.20090666283441783,0.05327148440269247
2025-11-05 00:00:00-05:00,267.6213843438783,270.70003856307255,265.94757476828966,269.1457824707031,43683100,0.0,0.0,0.21751931328102136,0.04009810679199388
2025-11-06 00:00:00-05:00,266.90407480138714,272.3937751745226,266.90407480138714,268.7771301269531,51204000,0.0,0.0,0.22078072929101888,0.03440059705092002
2025-11-07 00:00:00-05:00,268.80702532983145,271.2878818962731,265.7881780523408,267.48193359375,48227400,0.0,0.0,0.20706860062654342,0.03609109935506005
2025-11-10 00:00:00-05:00,268.2298525605972,272.98692304032335,266.733924572705,268.6985778808594,41312400,0.26,0.0,0.21653320061799963,0.028764588064463137
2025-11-11 00:00:00-05:00,269.07757258136417,275.16101963639426,269.0675899882029,274.5028076171875,46208300,0.0,0.0,0.21680624796830505,0.012824700374923337
2025-11-12 00:00:00-05:00,274.2535373864602,274.9815668240292,270.96250711171905,272.7276916503906,48398000,0.0,0.0,0.21037575488997784,0.016674423036317165
2025-11-13 00:00:00-05:00,273.3658696206449,275.9488654308047,271.3513641926929,272.20904541015625,49602800,0.0,0.0,0.222782344987704,0.019527349769825175
2025-11-14 00:00:00-05:00,270.31420819279356,275.21088338895913,268.8681625557137,271.6705322265625,47431300,0.0,0.0,0.22036330555993855,0.006240437649543296
2025-11-17 00:00:00-05:00,268.09027174019775,269.7557213346742,265.00866346949266,266.73394775390625,45018300,0.0,0.0,0.19345082998632712,0.02673294785624991
2025-11-18 00:00:00-05:00,269.25705465795,269.97510130800674,264.59974924229334,266.7139892578125,45677300,0.0,0.0,0.17715155121589077,0.016452311090423777
2025-11-19 00:00:00-05:00,264.80921977983166,271.47107967039307,264.77930243197466,267.83099365234375,40424500,0.0,0.0,0.19899850819991394,0.013516537633345038
2025-11-20 00:00:00-05:00,270.09480618650156,274.68232536305425,265.1981613886433,265.5272521972656,45823600,0.0,0.0,0.1729418474999822,0.027868596405593582
2025-11-21 00:00:00-05:00,265.2280517805383,272.5879921198442,264.9488130991126,270.75299072265625,59030800,0.0,0.0,0.1946638105441738,-0.0019152316143062897
2025-11-24 00:00:00-05:00,270.164627965921,276.24807542504453,270.164627965921,275.1710205078125,65585800,0.0,0.0,0.2103403731787199,-0.012902354315342812
2025-11-25 00:00:00-05:00,274.52274228722064,279.6188865292943,274.5028075356392,276.2181396484375,46914200,0.0,0.0,0.21749803795125855,-0.011409200810154285
2025-11-26 00:00:00-05:00,276.2082055022192,278.7712367451818,275.8791146523587,276.7966003417969,33431400,0.0,0.0,0.21288263840961985,-0.01495225340573414
2025-11-28 00:00:00-05:00,276.50736791500816,278.242634823177,275.2407959413455,278.0930480957031,20135600,0.0,0.0,0.2028651057165427,-0.018253501515985704
2025-12-01 00:00:00-05:00,277.2553332443013,282.65065109438723,275.3904143522869,282.3315124511719,46587700,0.0,0.0,0.20982046179968172,-0.03539395330823669
2025-12-02 00:00:00-05:00,282.231773534172,286.619823290159,281.86278279875575,285.4131164550781,53669500,0.0,0.0,0.22370228671785486,-0.0500716552737116
2025-12-03 00:00:00-05:00,285.4231155973949,287.8365294074879,282.5309633672564,283.378662109375,43538700,0.0,0.0,0.2026930630694399,-0.04624310448954483
2025-12-04 00:00:00-05:00,283.3287830094401,283.95707766942763,277.83373081751637,279.9380187988281,43989100,0.0,0.0,0.17688350571095213,-0.04788014489029713
2025-12-05 00:00:00-05:00,279.77845592816414,280.37683325787106,277.2951945750906,278.0232238769531,47265800,0.0,0.0,0.154093765680682,-0.05889938437575637
2025-12-08 00:00:00-05:00,277.374989388386,278.9108174051644,275.4003533668138,277.1356506347656,38211800,0.0,0.0,0.1487050730363777,-0.06319045947878366
2025-12-09 00:00:00-05:00,277.40493251311347,279.2698514894354,276.16830825817004,276.4275817871094,32193300,0.0,0.0,0.14562874839199913,-0.06544484150382768
2025-12-10 00:00:00-05:00,276.9960211276047,278.9905919368044,275.68957968235776,278.0232238769531,33038300,0.0,0.0,0.15319080258985696,-0.0696247584455556
2025-12-11 00:00:00-05:00,278.34237127554803,278.8310314000742,273.0667227973629,277.2752685546875,33248000,0.0,0.0,0.13186408795041893,-0.06394998941199825
2025-12-12 00:00:00-05:00,277.14559334691864,278.4620173164318,276.06853855760204,277.5245666503906,39532900,0.0,0.0,0.12821806573146444,-0.06191594938379197
2025-12-15 00:00:00-05:00,279.3894873363706,279.3894873363706,272.0993337942639,273.3658752441406,50409100,0.0,0.0,0.1170825979773511,-0.05162155756647413
2025-12-16 00:00:00-05:00,272.07941349564567,274.752131096348,271.0522107383373,273.8645324707031,37648600,0.0,0.0,0.11248566545482008,-0.0597209068471527
2025-12-17 00:00:00-05:00,274.2634587890498,275.41033087528734,270.9026119684932,271.10205078125,50138700,0.0,0.0,0.10050953622051728,-0.05999850058625722
2025-12-18 00:00:00-05:00,272.8672697170699,272.88723490520505,266.22537510199504,271.4511413574219,51630700,0.0,0.0,0.08915339302533232,-0.09364787348631143
2025-12-19 00:00:00-05:00,271.4112306527045,273.8545921928022,269.1673383776201,272.9271240234375,144632000,0.0,0.0,0.0845343122096387,-0.09507807877113483
2025-12-22 00:00:00-05:00,272.1192896847017,273.13654030849926,269.7756932559407,270.23443603515625,36571800,0.0,0.0,0.09734133610061146,-0.08347786492712284
2025-12-23 00:00:00-05:00,270.1048034873943,271.7603010837797,268.8282792538215,271.62066650390625,29642000,0.0,0.0,0.09528728096554984,-0.08929363923192335
2025-12-24 00:00:00-05:00,271.60070067851706,274.6823088952694,271.46109654935304,273.06671142578125,17910600,0.0,0.0,0.08078254171147115,-0.06719977424744494
2025-12-26 00:00:00-05:00,273.4158142002898,274.6225212124231,272.1193247047194,272.6578674316406,21521800,0.0,0.0,0.07586686491444761,-0.05534026537494796
2025-12-29 00:00:00-05:00,271.9497734782625,273.61522314661676,271.6107000753325,273.0168762207031,23715200,0.0,0.0,0.0650586726424065,-0.06326713291215713
2025-12-30 00:00:00-05:00,272.06942798009953,273.3359694836473,271.54086793463244,272.33868408203125,22139600,0.0,0.0,0.05904977869594852,-0.05419647301421315
2025-12-31 00:00:00-05:00,272.3187639976345,272.9370761103812,271.0123224859311,271.12200927734375,27293600,0.0,0.0,0.06846722408418926,-0.045537962878959615
2026-01-02 00:00:00-05:00,271.52095990203577,277.0857995993762,268.26979943372277,270.27435302734375,37838100,0.0,0.0,0.07944392064962513,-0.0036900077345632942
2026-01-05 00:00:00-05:00,269.9053759278346,270.7730094869922,265.41759095171795,266.5345458984375,45647200,0.0,0.0,0.07207411348135828,0.008306460735780119
2026-01-06 00:00:00-05:00,266.27524679504927,266.8237416838396,261.4084883511094,261.6478271484375,52352100,0.0,0.0,0.08077333805123299,0.05385706201167384
2026-01-07 00:00:00-05:00,262.485556491205,262.96423405428067,259.10474402829175,259.6233215332031,48309800,0.0,0.0,0.07457029153780059,0.059847164864869073
2026-01-08 00:00:00-05:00,256.3222864925608,258.58614386359903,255.00587765735156,258.3368225097656,50419300,0.0,0.0,0.06208803800148788,0.0736564286103274
2026-01-09 00:00:00-05:00,258.3767027680543,259.5036402038468,255.52448097015204,258.6659240722656,39997000,0.0,0.0,0.07569068612495422,0.05978705669501938
2026-01-12 00:00:00-05:00,258.45648066308013,260.5906555331263,256.1028713590674,259.54351806640625,45263800,0.0,0.0,0.07716127505867121,0.052588197474297216
2026-01-13 00:00:00-05:00,258.01770778709204,261.0993163539261,257.68861696081353,260.34136962890625,45730800,0.0,0.0,0.10715921208635559,0.056340821670390895
2026-01-14 00:00:00-05:00,258.78557762508564,261.1092696408236,256.0131254420647,259.2543029785156,40019400,0.0,0.0,0.11406021469334204,0.007751041906384204
2026-01-15 00:00:00-05:00,259.94247342351326,260.3314293980394,256.35223934409396,257.50909423828125,39388600,0.0,0.0,0.1118734233442138,-0.00848412039831914
2026-01-16 00:00:00-05:00,257.1998957308392,258.1971811198186,254.23795690818102,254.83633422851562,72142800,0.0,0.0,0.07910073786244154,0.03364358706694248
2026-01-20 00:00:00-05:00,252.04394930256512,254.09835490933511,242.75922413209136,246.0303192138672,80267500,0.0,0.0,0.08567327582207529,0.07254715888761765
2026-01-21 00:00:00-05:00,248.02489020045314,250.87712721718017,244.51444112970407,246.9777374267578,54641700,0.0,0.0,0.08170306987479226,0.0531952652961063
2026-01-22 00:00:00-05:00,248.52352576906395,250.31864258405668,247.47637302553753,247.67584228515625,39708300,0.0,0.0,0.12052297244524324,0.06634813738365031
2026-01-23 00:00:00-05:00,246.64863719927277,248.73296007338791,244.0157890837153,247.36666870117188,41689000,0.0,0.0,0.11317428170850463,0.07413748158551425
2026-01-26 00:00:00-05:00,250.7973501838168,255.86356228737432,249.121917868832,254.71669006347656,55969200,0.0,0.0,0.1471213551072117,0.06649957979677001
2026-01-27 00:00:00-05:00,258.4664899667647,261.2389423700868,257.5090739976807,257.56890869140625,49648300,0.0,0.0,0.16454840730407616,0.06278943954858862
2026-01-28 00:00:00-05:00,256.9505880888889,258.1572949521919,253.81911240916085,255.74388122558594,41288000,0.0,0.0,0.12068130054261372,0.06537749536393189
2026-01-29 00:00:00-05:00,257.29964922744847,258.94516415300217,253.7193980705993,257.5788879394531,67253000,0.0,0.0,0.08892867989308284,0.023800448915298977
2026-01-30 00:00:00-05:00,254.4773517832236,261.1890792690021,251.49546251262876,258.7756652832031,92443400,0.0,0.0,0.08896054683032828,0.021148618424939647
2026-02-02 00:00:00-05:00,259.3241194003358,269.7557160843994,258.50633807413067,269.27703857421875,73913400,0.0,0.0,0.14159341038945783,-0.022270211827958186
2026-02-03 00:00:00-05:00,268.4692659190308,271.1419837262723,266.88355520832346,268.7485046386719,64394700,0.0,0.0,0.14702888897109112,-0.024916108840085993
2026-02-04 00:00:00-05:00,271.55083028665655,278.19275421850585,271.55083028665655,275.7394104003906,90545700,0.0,0.0,0.21810655371551024,-0.05771059680730162
2026-02-05 00:00:00-05:00,277.37501624935936,278.7412924914769,272.48832346973,275.1610412597656,52977400,0.0,0.0,0.1905407457387207,-0.06599661930042078
2026-02-06 00:00:00-05:00,276.3677049075235,280.1474248180158,276.1782182606431,277.364990234375,50453400,0.0,0.0,0.2017801327291484,-0.064708732693887
2026-02-09 00:00:00-05:00,277.41494619870406,277.70443813431814,271.2160169672847,274.13079833984375,44623400,0.26,0.0,0.18394718609965732,-0.0502148681501523
2026-02-10 00:00:00-05:00,274.40031021957236,274.87943562430115,272.4537718732244,273.19244384765625,34376900,0.0,0.0,0.20886966526405626,-0.04702573846873925
2026-02-11 00:00:00-05:00,274.2106536370846,279.6808719096702,273.9610989943363,275.00921630859375,51931300,0.0,0.0,0.215465590725048,-0.07165154044242572
2026-02-12 00:00:00-05:00,275.09909064411113,275.22886395053104,259.7165366668213,261.2637939453125,81077200,0.0,0.0,0.13004386875290685,-0.044358827121586786
2026-02-13 00:00:00-05:00,261.5432690161623,261.7628783299504,254.9949421084194,255.32435607910156,56290700,0.0,0.0,0.08453915014406665,-0.01157238564873575
2026-02-17 00:00:00-05:00,257.5903108294174,265.8156532326085,255.08478749757862,263.4099426269531,58469100,0.0,0.0,0.09729690388691425,-0.03656971966480127
2026-02-18 00:00:00-05:00,263.13045584681157,266.3447212846438,261.9825104325609,263.8791198730469,34203300,0.0,0.0,0.08545452639640794,-0.05451114754595088
2026-02-19 00:00:00-05:00,262.13220471573277,264.00886051677537,259.5867290635135,260.11578369140625,30845300,0.0,0.0,0.07054314954541807,-0.04459267430158176
2026-02-20 00:00:00-05:00,258.50868117461044,264.2783836675007,257.7001265171608,264.1086730957031,42070500,0.0,0.0,0.08520099693436167,-0.06270312848633974
2026-02-23 00:00:00-05:00,263.0206001676805,268.95002088588865,262.91081074777924,265.705810546875,37308200,0.0,0.0,0.08750001405176278,-0.05518811602352591
2026-02-24 00:00:00-05:00,267.38283777638213,274.4003442568012,267.233111068832,271.6552429199219,47014600,0.0,0.0,0.11311805954099374,-0.07532899426271622
2026-02-25 00:00:00-05:00,271.29586819299504,274.45024283739696,270.567157599074,273.74151611328125,33714300,0.0,0.0,0.11463068320378023,-0.07880256348912074
2026-02-26 00:00:00-05:00,274.4602128097023,275.61811956353745,270.31758130113775,272.4637756347656,32345100,0.0,0.0,0.10969730860189175,-0.07349329806488347
2026-02-27 00:00:00-05:00,272.3240124520744,272.3240124520744,262.4217010495403,263.7093811035156,72366500,0.0,0.0,0.10389164187362288,-0.058217818321907644
2026-03-02 00:00:00-05:00,261.94253069595567,266.05518620599753,259.73647625260065,264.2484130859375,41827900,0.0,0.0,0.12041180532048923,-0.06833628367232203
2026-03-03 00:00:00-05:00,263.0106738027697,265.08695529305965,259.6666350681776,263.2801818847656,38568900,0.0,0.0,0.09535055626035405,-0.03776315858106338
2026-03-04 00:00:00-05:00,264.17854815272653,265.67587606267574,260.95432154975975,262.0523376464844,39803100,0.0,0.0,0.10769309160051788,-0.026245581803324147
2026-03-05 00:00:00-05:00,260.3254337562426,261.09405110124777,256.79173142961054,259.8263244628906,49658600,0.0,0.0,0.10805949691118588,-0.016788957561490903
2026-03-06 00:00:00-05:00,258.16927189629365,258.3090066542827,253.916851068475,257.0013427734375,41120000,0.0,0.0,0.09689526781222968,0.0054376815311432125
2026-03-09 00:00:00-04:00,255.2345148744848,260.68477987096253,253.22808575123491,259.41705322265625,38218500,0.0,0.0,0.1091346226298835,-0.02454980120175354
2026-03-10 00:00:00-04:00,257.19102845716964,262.01244158439727,256.4922936817907,260.3653564453125,30590800,0.0,0.0,0.09577449448725361,-0.007399504808681789
2026-03-11 00:00:00-04:00,260.62486739620806,261.6630231774062,259.08760235948154,260.3453674316406,26218900,0.0,0.0,0.15151529058561342,-0.001226937484563595
2026-03-12 00:00:00-04:00,258.1992253881205,258.48871731031414,253.72719511663234,255.30438232421875,40794000,0.0,0.0,0.16317103937260224,0.018454868826870863
2026-03-13 00:00:00-04:00,255.024890934378,255.87336762960538,249.07551643845036,249.6744384765625,36930000,0.0,0.0,0.1577570679608793,0.0363026460727911
2026-03-16 00:00:00-04:00,251.66090222791988,253.43773019062647,249.4348789230203,252.36964416503906,32074200,0.0,0.0,0.21099736314983408,0.02377168751489256
2026-03-17 00:00:00-04:00,252.5093881906664,254.67552076289968,251.7307636559193,253.77711486816406,32361600,0.0,0.0,0.19601878331041345,0.0479880482483368
2026-03-18 00:00:00-04:00,252.1799767808244,254.48585937367065,248.55643828829037,249.49476623535156,35757900,0.0,0.0,0.1730343183918408,0.053852790511879745
2026-03-19 00:00:00-04:00,248.95572868612365,251.38140795985734,246.85947863088072,248.5165252685547,34864100,0.0,0.0,0.17563157760248171,0.08543537061563855
2026-03-20 00:00:00-04:00,247.53824109812177,248.75606899357115,245.56177255944445,247.54823303222656,88331100,0.0,0.0,0.1571772708717718,0.10105236776120008
2026-03-23 00:00:00-04:00,253.51758537106093,254.14646797882926,249.83415620831627,251.04200744628906,40546100,0.0,0.0,0.1797575602078465,0.058372120742590905
2026-03-24 00:00:00-04:00,249.90403139868116,254.37604644028636,249.10545347620703,251.1917266845703,45152300,0.0,0.0,0.15790874888171613,0.08555888461624672
2026-03-25 00:00:00-04:00,253.6473574345128,254.5457480998694,251.15181088451408,252.16998291015625,28476700,0.0,0.0,0.14946321744023394,0.08237665110431847
2026-03-26 00:00:00-04:00,251.67088153367666,256.5421934269488,250.32329549316128,252.43951416015625,41796700,0.0,0.0,0.1351606785188375,0.07184930544692181
2026-03-27 00:00:00-04:00,253.4477020992108,255.03488128462607,247.6281009352486,248.35679626464844,47900000,0.0,0.0,0.1279934899746955,0.07560281933664204
2026-03-30 00:00:00-04:00,249.62453299565456,250.4230956915925,245.07264337813007,246.19065856933594,39446200,0.0,0.0,0.10656654151365452,0.09763609332659251
2026-03-31 00:00:00-04:00,247.46837564153284,255.02488248828539,246.65982101631488,253.337890625,49598100,0.0,0.0,0.1697848713548571,0.06454158924978226
2026-04-01 00:00:00-04:00,253.62737973002484,255.7236296181179,252.8787157917901,255.17462158203125,40059400,0.0,0.0,0.15582823951585922,0.06149520867034175
2026-04-02 00:00:00-04:00,253.74717405681358,255.6737439434535,250.20349485503914,255.464111328125,31289400,0.0,0.0,0.15164391720950743,0.09463892693005693
2026-04-06 00:00:00-04:00,256.053045051996,261.6929736576745,256.003115847535,258.3988342285156,29329900,0.0,0.0,0.1612317441805129,0.06941989058265108
2026-04-07 00:00:00-04:00,255.70368128016966,255.7436185540334,245.2623079794448,253.0484161376953,62148000,0.0,0.0,0.25303826501776827,0.12102565753853112
2026-04-08 00:00:00-04:00,257.98960165960847,259.2872736156141,256.0730086009651,258.43878173828125,41032800,0.0,0.0,0.38033945977417494,0.11050605997126772
2026-04-09 00:00:00-04:00,258.5386040524215,260.65482250105316,255.6138310165902,260.02593994140625,28121600,0.0,0.0,0.44177942417693394,0.10345893976078946
2026-04-10 00:00:00-04:00,259.5168819122501,261.7229364827484,258.5585701252562,260.0159912109375,31291500,0.0,0.0,0.517314062244004,0.1260749155771388
2026-04-13 00:00:00-04:00,259.2673359057164,259.71651601158027,256.2027973984465,258.73828125,36234700,0.0,0.0,0.30917634792877924,0.13020691796126038
2026-04-14 00:00:00-04:00,258.78816168339415,261.4633801130582,256.73183388682423,258.368896484375,48370700,0.0,0.0,0.3651825268842561,0.1400209680056015
2026-04-15 00:00:00-04:00,257.7001261657452,266.08515659729386,257.35074355126085,265.95538330078125,49913500,0.0,0.0,0.3504476091021522,0.12279155085827309
2026-04-16 00:00:00-04:00,266.3246925362851,266.6840670491935,260.804545264895,262.9307556152344,43323100,0.0,0.0,0.3062808320750463,0.13319962417512654
2026-04-17 00:00:00-04:00,266.4844323486072,271.8149160854778,266.24486962975914,269.7486267089844,61436200,0.0,0.0,0.342672363868717,0.11204018769735424
2026-04-20 00:00:00-04:00,269.84841238867654,273.7913879220191,269.80850557942483,272.5635681152344,36590200,0.0,0.0,0.4116436824874392,0.09179427596885259
2026-04-21 00:00:00-04:00,271.0163536236942,272.3140256362382,264.9272139873882,265.69586181640625,50209800,0.0,0.0,0.35714351963385593,0.12426429897722602
2026-04-22 00:00:00-04:00,267.3429346055621,273.2523721409737,266.39461467279705,272.68341064453125,43249200,0.0,0.0,0.4203799548052469,0.10747317658408395
2026-04-23 00:00:00-04:00,274.56001085217736,275.2787294551341,271.1660737405759,272.9429016113281,33399600,0.0,0.0,0.37489594653031344,0.11645025773740514
2026-04-24 00:00:00-04:00,272.2741016414235,272.5735550213531,269.16962610782736,270.5771179199219,38157100,0.0,0.0,0.3306029243405173,0.14035472184416653
2026-04-27 00:00:00-04:00,265.6159889280984,267.88193422863776,264.59781690250213,267.1332702636719,41466800,0.0,0.0,0.28989948318098335,0.15322325906105538
2026-04-28 00:00:00-04:00,271.8548539018017,272.7432830913257,268.181416710472,270.2277526855469,40018900,0.0,0.0,0.2991679803490863,0.14933477495823455
2026-04-29 00:00:00-04:00,267.07336249706583,270.55716597281076,266.56429174844374,269.688720703125,30047900,0.0,0.0,0.2912701809367435,0.15778191183592916
2026-04-30 00:00:00-04:00,270.018146234023,275.50834883767226,267.6623648300734,270.86663818359375,91848200,0.0,0.0,0.29033973524635237,0.15108715221843583
2026-05-01 00:00:00-04:00,278.36321169794013,286.7083346607987,277.87409435408995,279.6409606933594,79915400,0.0,0.0,0.3240515715831196,0.09442497360386981
2026-05-04 00:00:00-04:00,279.16182884121525,280.13010214166496,274.3703610857382,276.33685302734375,46668400,0.0,0.0,0.3033775953642106,0.139654021212134
2026-05-05 00:00:00-04:00,276.43668191704,284.0630869835518,276.00745521106614,283.67376708984375,49311700,0.0,0.0,0.3899128013231907,0.09277868180702287
2026-05-06 00:00:00-04:00,281.4177950537395,287.5168959460148,280.5693031693742,286.9978332519531,58336100,0.0,0.0,0.451873375164505,0.08349885079715813
2026-05-07 00:00:00-04:00,288.75467457606095,291.60959552514373,285.2709015174152,286.9279479980469,45224300,0.0,0.0,0.45429837629046577,0.07021698979637958
2026-05-08 00:00:00-04:00,289.49338424193445,294.2349225642168,289.48339230776435,292.7974853515625,52692800,0.0,0.0,0.501138403306439,0.028971206918044112
2026-05-11 00:00:00-04:00,291.72841688276577,293.6267735875138,289.979924827367,292.42779541015625,42247300,0.27,0.0,0.48982958404127497,-0.007277604460068643
2026-05-12 00:00:00-04:00,292.3078994315659,295.0155556946294,292.3078994315659,294.54595947265625,45748100,0.0,0.0,0.49276006076407963,-0.010922655760933653
2026-05-13 00:00:00-04:00,293.24708951115105,300.6607090744109,293.24708951115105,298.6124572753906,52684300,0.0,0.0,0.4234817321381823,-0.0108408509286676
2026-05-14 00:00:00-04:00,299.5616620172475,300.1911240450107,295.12548538387824,297.9530334472656,35324900,0.0,0.0,0.4060634558083336,-0.02374160442267359
2026-05-15 00:00:00-04:00,297.643304079477,302.93875555297063,296.26448829773227,299.9713134765625,54862800,0.0,0.0,0.41958787951961574,-0.012690320729724758
2026-05-18 00:00:00-04:00,299.98126929450746,300.4009207908792,294.6558756451712,297.5833435058594,34483000,0.0,0.0,0.41414801927121103,0.004700544373411608
2026-05-19 00:00:00-04:00,296.7140952726279,300.2510533099592,296.09463441963413,298.7123718261719,42243600,0.0,0.0,0.42078984693809796,-0.010101339295337741
2026-05-20 00:00:00-04:00,297.9230626302997,302.5390768782648,297.82314269813475,301.98956298828125,38229800,0.0,0.0,0.4534395208270374,-0.01402816243269478
2026-05-21 00:00:00-04:00,300.80056674721834,305.27671719779084,300.1411318265125,304.7271728515625,42965100,0.0,0.0,0.480227914154697,-0.026164662053218213
2026-05-22 00:00:00-04:00,305.85620846339293,311.13165741506583,305.57645096183757,308.55389404296875,43670200,0.0,0.0,0.5341934747688777,-0.047017741808821456
2026-05-26 00:00:00-04:00,309.29325163060713,311.5513139598484,307.4048960873393,308.0643005371094,48000500,0.0,0.0,0.5373122542947053,-0.04946005562748035
2026-05-27 00:00:00-04:00,308.0643052358437,312.9900803339556,308.0343323058515,310.5821533203125,50430900,0.0,0.0,0.5982140228135784,-0.11484642664414302
2026-05-28 00:00:00-04:00,310.412282475935,312.5304508120942,309.30325358892543,312.24072265625,48220400,0.0,0.0,0.5671036859661145,-0.09193311169110618
2026-05-29 00:00:00-04:00,311.5113496628706,314.7285763294451,309.2632884033746,311.7911071777344,70026800,0.0,0.0,0.5632073903406551,-0.09716083486651506
2026-06-01 00:00:00-04:00,309.363197507879,310.67206624496237,304.7571540774977,306.0460510253906,48849900,0.0,0.0,0.5380105429880389,-0.05533609804919315
2026-06-02 00:00:00-04:00,307.1950545511415,315.1781903378333,306.42572903356995,314.92840576171875,44534700,0.0,0.0,0.5755563111345283,-0.06605330801445874
2026-06-03 00:00:00-04:00,313.9092501546009,316.6668815001487,308.5838566628498,309.9926452636719,50836700,0.0,0.0,0.5443275242507961,-0.005253676495561743
2026-06-04 00:00:00-04:00,312.96009909963743,313.26982953176514,309.38316692864953,310.9618225097656,44869100,0.0,0.0,0.5371906224948007,0.004594686129392622
2026-06-05 00:00:00-04:00,312.5903972939029,314.8984348439246,306.8853260765596,307.0751647949219,65310500,0.0,0.0,0.521345350194435,0.010802367147113134
2026-06-08 00:00:00-04:00,308.4739595974908,317.1265012321255,300.9105055796523,301.2801818847656,77949100,0.0,0.0,0.5089282998577176,0.039298246040532
2026-06-09 00:00:00-04:00,300.0212482417878,300.4908444635933,287.5320194610898,290.29962158203125,70108800,0.0,0.0,0.4304759868214778,0.08834971276855863
2026-06-10 00:00:00-04:00,290.4894628291428,294.4960172141002,287.1323727394638,291.3287353515625,52793300,0.0,0.0,0.4531485016127135,0.08141858696494753
2026-06-11 00:00:00-04:00,293.4668864344149,296.7440586571729,289.3404406054596,295.375244140625,42572500,0.0,0.0,0.4644634981695068,0.07333490652201036
2026-06-12 00:00:00-04:00,295.7749221682621,296.88398158337014,289.3704417369658,290.879150390625,38742100,0.0,0.0,0.4703942770877101,0.08150991110764183
2026-06-15 00:00:00-04:00,293.8665449684006,297.5233947188816,291.4486474146935,296.1645812988281,45732600,0.0,0.0,0.49395577071052843,0.10485123683617492
2026-06-16 00:00:00-04:00,294.99559499590845,300.2210994929347,293.71669913987887,298.9821472167969,39874400,0.0,0.0,0.5292804603709951,0.11368803273067885
2026-06-17 00:00:00-04:00,300.59074812548096,301.8096980081642,294.10632015937927,295.6949768066406,42745100,0.0,0.0,0.49745041131334444,0.12769041997008457
2026-06-18 00:00:00-04:00,297.8530937792582,300.31099586682666,295.3652492546472,297.7532043457031,85962200,0.0,0.0,0.5293000811768591,0.09590277609091613
2026-06-22 00:00:00-04:00,297.05381866220307,302.1594314563154,296.5043047694293,296.75408935546875,44879900,0.0,0.0,0.5168803365639192,0.10346442496419694
2026-06-23 00:00:00-04:00,297.2836155142734,301.3800886038737,293.9264950024863,294.04638671875,52010900,0.0,0.0,0.4699876683699258,0.10733954437593707
2026-06-24 00:00:00-04:00,295.1054570720635,299.4417438827621,292.68755959702736,292.8274230957031,53081900,0.0,0.0,0.4602614155483935,0.09751620807912653
2026-06-25 00:00:00-04:00,287.1523472601469,288.55113481081804,273.5141152813601,274.91290283203125,107013700,0.0,0.0,0.37913916270269965,0.2103216284099212
2026-06-26 00:00:00-04:00,274.7630284991681,285.70360492137456,273.9737007161028,283.53546142578125,261775500,0.0,0.0,0.4135038300915115,0.18722253734572258
2026-06-29 00:00:00-04:00,286.4829438934296,288.12151489662153,279.6088673150861,281.4972229003906,66427000,0.0,0.0,0.40725227390651186,0.2070702608308388
2026-06-30 00:00:00-04:00,280.9277417485351,289.69017405322865,280.45814550695326,289.11065673828125,65100200,0.0,0.0,0.44473817147994277,0.168751764117
2026-07-01 00:00:00-04:00,293.1871503157195,296.33442991747245,288.95081360688545,294.1263427734375,50164200,0.0,0.0,0.44050251443296395,0.13265158957336487
2026-07-02 00:00:00-04:00,293.866538367699,309.15337194761725,293.4269150966668,308.3640441894531,75352800,0.0,0.0,0.49097485256027595,0.0009073209458820841
2026-07-06 00:00:00-04:00,307.0951430290638,313.9292760509671,306.7354678654279,312.3905944824219,53590000,0.0,0.0,0.4775955806151535,-0.029552826844163715
2026-07-07 00:00:00-04:00,315.0183186077797,315.20815732134815,309.88273318392555,310.3923034667969,42490000,0.0,0.0,0.4605124577655251,-0.004120270161986128
2026-07-08 00:00:00-04:00,311.6412289475945,314.5487250421545,306.7854009831778,313.1199645996094,41323500,0.0,0.0,0.498610541481318,-0.007626276581177094
2026-07-09 00:00:00-04:00,310.24243869469103,316.2572401947346,307.8944576262147,315.947509765625,48124500,0.0,0.0,0.5117114559842815,-0.012048525601547344
2026-07-10 00:00:00-04:00,314.4488202226986,316.6369356310425,311.9010296470402,315.0483093261719,34132300,0.0,0.0,0.4993416100761652,-0.006311132955548082
2026-07-13 00:00:00-04:00,316.7468014245228,323.171283634363,315.5078797345754,317.03656005859375,43257800,0.0,0.0,0.49978254666476385,-0.027683085797255313
2026-07-14 00:00:00-04:00,313.48965629761443,315.91755515351207,311.64124426456783,314.58868408203125,36336800,0.0,0.0,0.49701223952533913,-0.030766142934111618
